CustomerID,Name,Email,JoinDate,SegmentID,LoyaltyPoints
1,Chloe Davis,chloe.davis1@example.com,2024-01-03,2,11
2,Michael Thomas,michael.thomas2@example.com,2024-01-24,2,20
3,James Wilson,james.wilson3@example.com,2024-03-12,2,30
4,Noah Scott,noah.scott4@example.com,2024-03-12,2,8
5,Alexander Brown,alexander.brown5@example.com,2024-02-27,2,32
6,Jack Martinez,jack.martinez6@example.com,2024-01-03,1,4
7,Sophia Taylor,sophia.taylor7@example.com,2024-01-23,2,27
8,Ella King,ella.king8@example.com,2024-01-03,1,0
9,Alexander Taylor,alexander.taylor9@example.com,2024-03-10,3,54
10,Chloe Green,chloe.green10@example.com,2024-02-22,2,38
11,Jack Anderson,jack.anderson11@example.com,2024-02-13,1,6
12,Grace Thomas,grace.thomas12@example.com,2024-03-19,1,13
13,Ava Baker,ava.baker13@example.com,2024-03-19,2,13
14,Ethan Green,ethan.green14@example.com,2024-02-11,3,48
15,Harper Thomas,harper.thomas15@example.com,2024-01-16,3,102
16,Isabella Baker,isabella.baker16@example.com,2024-02-02,3,88
17,Noah Brown,noah.brown17@example.com,2024-02-06,2,33
18,Noah Harris,noah.harris18@example.com,2024-03-23,3,61
19,Lucas King,lucas.king19@example.com,2024-01-26,3,36
20,Liam Adams,liam.adams20@example.com,2024-02-14,1,0
21,Alexander Davis,alexander.davis21@example.com,2024-03-30,2,26
22,Amelia Brown,amelia.brown22@example.com,2024-02-23,2,18
23,Benjamin Wright,benjamin.wright23@example.com,2024-03-01,1,8
24,Lucas Young,lucas.young24@example.com,2024-01-19,3,39
25,Aria Brown,aria.brown25@example.com,2024-01-05,3,43
26,William Anderson,william.anderson26@example.com,2024-03-16,2,17
27,Benjamin Brown,benjamin.brown27@example.com,2024-03-24,2,29
28,James Davis,james.davis28@example.com,2024-02-06,2,8
29,Emma Robinson,emma.robinson29@example.com,2024-03-02,2,47
30,Lucas Miller,lucas.miller30@example.com,2024-02-05,2,33
31,Lucas Taylor,lucas.taylor31@example.com,2024-03-06,3,59
32,Emma Green,emma.green32@example.com,2024-03-31,2,21
33,William Wright,william.wright33@example.com,2024-01-07,1,4
34,Oliver Wright,oliver.wright34@example.com,2024-01-17,1,0
35,Alexander Adams,alexander.adams35@example.com,2024-01-24,1,0
36,Ethan Robinson,ethan.robinson36@example.com,2024-02-06,1,0
37,Emma Wright,emma.wright37@example.com,2024-03-07,3,54
38,Alexander Anderson,alexander.anderson38@example.com,2024-03-07,2,21
39,Harper Baker,harper.baker39@example.com,2024-03-16,2,25
40,Liam Anderson,liam.anderson40@example.com,2024-03-20,3,59
41,Liam White,liam.white41@example.com,2024-02-08,1,8
42,Emma Brown,emma.brown42@example.com,2024-01-21,3,47
43,Grace Green,grace.green43@example.com,2024-01-31,2,17
44,Isabella Wright,isabella.wright44@example.com,2024-02-18,1,8
45,Amelia Wright,amelia.wright45@example.com,2024-02-14,2,33
46,Mia Thomas,mia.thomas46@example.com,2024-01-14,3,68
47,James Adams,james.adams47@example.com,2024-02-24,2,33
48,Alexander Thomas,alexander.thomas48@example.com,2024-03-13,3,51
49,Grace Lewis,grace.lewis49@example.com,2024-03-28,2,11
50,Grace Clark,grace.clark50@example.com,2024-02-05,2,23
51,James Wilson,james.wilson51@example.com,2024-02-19,1,0
52,Henry Brown,henry.brown52@example.com,2024-03-14,2,47
53,Liam Davis,liam.davis53@example.com,2024-01-15,3,89
54,Chloe Miller,chloe.miller54@example.com,2024-03-17,2,28
55,William Lewis,william.lewis55@example.com,2024-02-27,1,0
56,Sophia Clark,sophia.clark56@example.com,2024-02-07,3,73
57,Oliver Robinson,oliver.robinson57@example.com,2024-02-21,1,0
58,Emma Allen,emma.allen58@example.com,2024-03-24,3,62
59,Ava Scott,ava.scott59@example.com,2024-03-10,1,0
60,Noah Scott,noah.scott60@example.com,2024-03-26,3,69
61,Alexander Baker,alexander.baker61@example.com,2024-01-26,2,18
62,Scarlett Wright,scarlett.wright62@example.com,2024-02-03,2,38
63,Noah Jackson,noah.jackson63@example.com,2024-02-12,3,113
64,Ethan Robinson,ethan.robinson64@example.com,2024-01-01,4,30
65,Michael Adams,michael.adams65@example.com,2024-01-26,2,16
66,Ella Baker,ella.baker66@example.com,2024-01-18,2,26
67,Ella Davis,ella.davis67@example.com,2024-03-25,1,21
68,Chloe Jackson,chloe.jackson68@example.com,2024-03-22,3,24
69,Chloe Hall,chloe.hall69@example.com,2024-02-29,3,77
70,Isabella Wilson,isabella.wilson70@example.com,2024-02-06,2,41
71,Scarlett Miller,scarlett.miller71@example.com,2024-02-22,3,57
72,Scarlett Hall,scarlett.hall72@example.com,2024-03-30,1,15
73,Ava King,ava.king73@example.com,2024-02-01,3,41
74,Henry Johnson,henry.johnson74@example.com,2024-01-11,1,16
75,Lucas Jackson,lucas.jackson75@example.com,2024-01-24,1,3
76,Liam Anderson,liam.anderson76@example.com,2024-03-26,2,45
77,Grace Brown,grace.brown77@example.com,2024-01-09,3,67
78,Michael Walker,michael.walker78@example.com,2024-03-20,1,17
79,Sophia Baker,sophia.baker79@example.com,2024-02-21,3,76
80,Scarlett Wilson,scarlett.wilson80@example.com,2024-01-13,2,10
81,William Walker,william.walker81@example.com,2024-02-23,1,16
82,Ethan Thomas,ethan.thomas82@example.com,2024-02-21,2,12
83,Oliver Lewis,oliver.lewis83@example.com,2024-01-21,1,4
84,Alexander Baker,alexander.baker84@example.com,2024-03-11,1,18
85,Aria Taylor,aria.taylor85@example.com,2024-03-10,2,35
86,Benjamin Clark,benjamin.clark86@example.com,2024-03-06,1,0
87,Chloe Harris,chloe.harris87@example.com,2024-02-12,2,29
88,Ella Robinson,ella.robinson88@example.com,2024-01-12,1,7
89,James Anderson,james.anderson89@example.com,2024-01-07,4,28
90,Harper Johnson,harper.johnson90@example.com,2024-02-27,1,0
91,Alexander Anderson,alexander.anderson91@example.com,2024-02-27,1,0
92,James Johnson,james.johnson92@example.com,2024-01-07,2,19
93,Aria Wright,aria.wright93@example.com,2024-01-06,3,28
94,James Brown,james.brown94@example.com,2024-03-28,1,14
95,Liam White,liam.white95@example.com,2024-01-07,2,22
96,Ella Anderson,ella.anderson96@example.com,2024-01-28,3,56
97,William Walker,william.walker97@example.com,2024-01-21,2,44
98,Alexander Wilson,alexander.wilson98@example.com,2024-03-11,1,0
99,Grace Young,grace.young99@example.com,2024-02-15,1,0
100,James Walker,james.walker100@example.com,2024-03-19,3,56
101,Jack Taylor,jack.taylor101@example.com,2024-01-10,2,31
102,Noah Scott,noah.scott102@example.com,2024-02-11,2,24
103,Lucas Lewis,lucas.lewis103@example.com,2024-02-09,2,34
104,Evelyn Adams,evelyn.adams104@example.com,2024-01-06,4,13
105,William Wright,william.wright105@example.com,2024-03-03,2,25
106,Noah Martinez,noah.martinez106@example.com,2024-02-09,1,17
107,Michael White,michael.white107@example.com,2024-03-18,1,0
108,Noah Anderson,noah.anderson108@example.com,2024-01-19,2,34
109,Isabella Allen,isabella.allen109@example.com,2024-02-13,2,14
110,Mia Lewis,mia.lewis110@example.com,2024-01-18,3,43
111,Emma Robinson,emma.robinson111@example.com,2024-01-25,1,0
112,Sophia Robinson,sophia.robinson112@example.com,2024-03-19,1,12
113,Alexander Davis,alexander.davis113@example.com,2024-01-05,1,0
114,Chloe Allen,chloe.allen114@example.com,2024-03-22,1,2
115,Ava Brown,ava.brown115@example.com,2024-03-30,3,62
116,Scarlett Anderson,scarlett.anderson116@example.com,2024-01-17,2,12
117,Jack Walker,jack.walker117@example.com,2024-02-16,1,13
118,Isabella Clark,isabella.clark118@example.com,2024-03-28,2,26
119,Liam Miller,liam.miller119@example.com,2024-02-06,2,25
120,Ava Clark,ava.clark120@example.com,2024-01-26,3,54
121,Evelyn Jackson,evelyn.jackson121@example.com,2024-02-11,3,107
122,Aria Adams,aria.adams122@example.com,2024-03-17,3,46
123,Alexander Scott,alexander.scott123@example.com,2024-03-10,3,51
124,Henry Wilson,henry.wilson124@example.com,2024-01-19,2,22
125,Benjamin Taylor,benjamin.taylor125@example.com,2024-01-06,3,27
126,Grace Adams,grace.adams126@example.com,2024-02-22,1,16
127,Liam Adams,liam.adams127@example.com,2024-01-31,3,45
128,Liam Martinez,liam.martinez128@example.com,2024-02-26,3,37
129,Henry Hall,henry.hall129@example.com,2024-03-30,1,14
130,Ella Miller,ella.miller130@example.com,2024-01-06,3,80
131,Ella Brown,ella.brown131@example.com,2024-03-23,3,82
132,Ethan Brown,ethan.brown132@example.com,2024-02-27,3,110
133,Sophia Scott,sophia.scott133@example.com,2024-03-24,2,46
134,James Clark,james.clark134@example.com,2024-01-12,3,79
135,Grace Anderson,grace.anderson135@example.com,2024-02-26,2,48
136,Oliver Martinez,oliver.martinez136@example.com,2024-03-01,1,0
137,Sophia Lewis,sophia.lewis137@example.com,2024-03-04,2,32
138,Grace Young,grace.young138@example.com,2024-02-20,2,31
139,Harper Thomas,harper.thomas139@example.com,2024-01-20,1,0
140,William Green,william.green140@example.com,2024-01-31,2,16
141,James Thomas,james.thomas141@example.com,2024-02-08,1,0
142,Mia Scott,mia.scott142@example.com,2024-03-03,2,29
143,Benjamin Robinson,benjamin.robinson143@example.com,2024-01-31,3,55
144,Scarlett Brown,scarlett.brown144@example.com,2024-01-01,1,15
145,Evelyn King,evelyn.king145@example.com,2024-02-24,1,0
146,Noah Brown,noah.brown146@example.com,2024-02-22,3,43
147,Isabella Hall,isabella.hall147@example.com,2024-01-26,2,9
148,Mia Harris,mia.harris148@example.com,2024-03-26,2,37
149,Sophia Anderson,sophia.anderson149@example.com,2024-02-05,1,0
150,Benjamin Miller,benjamin.miller150@example.com,2024-02-12,3,51
151,Alexander Green,alexander.green151@example.com,2024-01-30,1,4
152,Oliver Wright,oliver.wright152@example.com,2024-02-21,1,0
153,Ava Scott,ava.scott153@example.com,2024-03-20,3,57
154,Alexander Jackson,alexander.jackson154@example.com,2024-03-31,3,76
155,William Davis,william.davis155@example.com,2024-03-26,2,28
156,Mia Thomas,mia.thomas156@example.com,2024-01-12,3,95
157,Noah Adams,noah.adams157@example.com,2024-02-23,2,21
158,Mia Thomas,mia.thomas158@example.com,2024-01-28,3,51
159,Oliver Taylor,oliver.taylor159@example.com,2024-03-10,1,11
160,Harper Taylor,harper.taylor160@example.com,2024-03-07,3,116
161,Chloe Thomas,chloe.thomas161@example.com,2024-02-19,3,36
162,Henry Thomas,henry.thomas162@example.com,2024-03-28,2,16
163,Liam Brown,liam.brown163@example.com,2024-03-02,1,8
164,Jack Thomas,jack.thomas164@example.com,2024-01-05,3,89
165,Ava White,ava.white165@example.com,2024-03-15,2,32
166,Mia Wright,mia.wright166@example.com,2024-01-26,2,14
167,Ethan Adams,ethan.adams167@example.com,2024-02-12,2,10
168,Alexander Green,alexander.green168@example.com,2024-02-11,2,10
169,Alexander Johnson,alexander.johnson169@example.com,2024-01-11,3,35
170,Sophia Green,sophia.green170@example.com,2024-03-28,3,85
171,Mia Allen,mia.allen171@example.com,2024-01-04,3,47
172,Lucas Young,lucas.young172@example.com,2024-02-23,3,118
173,Mia Lewis,mia.lewis173@example.com,2024-01-13,2,32
174,Liam Jackson,liam.jackson174@example.com,2024-02-05,2,23
175,Liam Harris,liam.harris175@example.com,2024-01-21,2,13
176,William Anderson,william.anderson176@example.com,2024-03-05,1,0
177,Noah Harris,noah.harris177@example.com,2024-03-16,1,6
178,Alexander Lewis,alexander.lewis178@example.com,2024-03-01,3,55
179,Michael Wilson,michael.wilson179@example.com,2024-03-30,1,16
180,James Miller,james.miller180@example.com,2024-03-18,1,0
181,Ethan Lewis,ethan.lewis181@example.com,2024-01-03,1,11
182,Ethan Adams,ethan.adams182@example.com,2024-03-30,1,16
183,Harper Lewis,harper.lewis183@example.com,2024-03-18,2,26
184,William Adams,william.adams184@example.com,2024-03-19,3,38
185,James Thomas,james.thomas185@example.com,2024-01-16,3,35
186,Aria Davis,aria.davis186@example.com,2024-02-07,3,66
187,Liam Walker,liam.walker187@example.com,2024-01-22,3,59
188,Isabella Robinson,isabella.robinson188@example.com,2024-02-03,1,10
189,Benjamin Anderson,benjamin.anderson189@example.com,2024-01-22,1,10
190,Ava Scott,ava.scott190@example.com,2024-01-19,1,0
191,Amelia White,amelia.white191@example.com,2024-01-28,2,31
192,Sophia Baker,sophia.baker192@example.com,2024-01-28,4,9
193,Lucas Wright,lucas.wright193@example.com,2024-02-19,3,95
194,Amelia Scott,amelia.scott194@example.com,2024-03-22,3,105
195,Alexander White,alexander.white195@example.com,2024-01-03,3,75
196,Noah Thomas,noah.thomas196@example.com,2024-01-18,1,10
197,Grace Thomas,grace.thomas197@example.com,2024-01-04,2,20
198,Noah King,noah.king198@example.com,2024-02-12,1,2
199,Lucas Adams,lucas.adams199@example.com,2024-03-17,3,45
200,Harper Lewis,harper.lewis200@example.com,2024-02-28,3,45
201,Ella Davis,ella.davis201@example.com,2024-02-07,3,80
202,Grace Taylor,grace.taylor202@example.com,2024-01-25,3,92
203,Liam Green,liam.green203@example.com,2024-02-12,2,19
204,Ava Hall,ava.hall204@example.com,2024-03-30,1,0
205,Alexander Scott,alexander.scott205@example.com,2024-03-10,1,8
206,Michael Adams,michael.adams206@example.com,2024-03-06,2,18
207,Isabella Harris,isabella.harris207@example.com,2024-02-11,1,19
208,Sophia Scott,sophia.scott208@example.com,2024-03-30,2,30
209,Harper King,harper.king209@example.com,2024-01-31,2,18
210,William Davis,william.davis210@example.com,2024-03-10,2,28
211,Benjamin Hall,benjamin.hall211@example.com,2024-01-31,3,40
212,William Lewis,william.lewis212@example.com,2024-02-01,1,14
213,Amelia Green,amelia.green213@example.com,2024-01-29,1,17
214,Alexander Wilson,alexander.wilson214@example.com,2024-01-19,1,0
215,Jack Scott,jack.scott215@example.com,2024-02-06,3,46
216,William Adams,william.adams216@example.com,2024-03-28,1,4
217,Ethan King,ethan.king217@example.com,2024-02-25,1,8
218,Benjamin Clark,benjamin.clark218@example.com,2024-02-23,1,0
219,Ava Jackson,ava.jackson219@example.com,2024-01-28,1,16
220,Isabella Lewis,isabella.lewis220@example.com,2024-03-17,2,35
221,Grace King,grace.king221@example.com,2024-03-04,3,39
222,Harper Robinson,harper.robinson222@example.com,2024-02-12,1,10
223,Evelyn Scott,evelyn.scott223@example.com,2024-01-21,4,18
224,Ella Walker,ella.walker224@example.com,2024-03-18,1,17
225,Michael Miller,michael.miller225@example.com,2024-03-04,1,0
226,Sophia Jackson,sophia.jackson226@example.com,2024-02-20,2,16
227,William Wright,william.wright227@example.com,2024-03-01,2,21
228,Harper Brown,harper.brown228@example.com,2024-03-20,1,4
229,Scarlett Anderson,scarlett.anderson229@example.com,2024-03-06,3,53
230,Benjamin Anderson,benjamin.anderson230@example.com,2024-03-19,1,9
231,Isabella Wilson,isabella.wilson231@example.com,2024-01-03,2,35
232,Liam Anderson,liam.anderson232@example.com,2024-02-16,1,0
233,Oliver Baker,oliver.baker233@example.com,2024-01-08,3,108
234,Evelyn Lewis,evelyn.lewis234@example.com,2024-03-27,2,22
235,Chloe Young,chloe.young235@example.com,2024-01-19,2,24
236,Aria Green,aria.green236@example.com,2024-02-07,1,0
237,Henry Clark,henry.clark237@example.com,2024-01-24,2,34
238,Mia Wright,mia.wright238@example.com,2024-03-07,3,43
239,Ava Baker,ava.baker239@example.com,2024-03-24,1,4
240,Scarlett Davis,scarlett.davis240@example.com,2024-03-16,1,15
241,Jack Anderson,jack.anderson241@example.com,2024-01-18,1,22
242,Aria Hall,aria.hall242@example.com,2024-02-15,2,29
243,Liam Allen,liam.allen243@example.com,2024-01-25,2,39
244,Noah Robinson,noah.robinson244@example.com,2024-01-13,2,11
245,Evelyn Scott,evelyn.scott245@example.com,2024-02-21,2,16
246,Alexander King,alexander.king246@example.com,2024-01-31,3,48
247,Scarlett Robinson,scarlett.robinson247@example.com,2024-02-29,1,9
248,Michael Hall,michael.hall248@example.com,2024-02-11,1,16
249,Alexander Robinson,alexander.robinson249@example.com,2024-03-28,2,35
250,Ethan Adams,ethan.adams250@example.com,2024-03-24,3,115
251,Henry Robinson,henry.robinson251@example.com,2024-01-26,2,25
252,Scarlett Anderson,scarlett.anderson252@example.com,2024-03-22,3,49
253,Chloe Thomas,chloe.thomas253@example.com,2024-03-15,1,0
254,Scarlett Hall,scarlett.hall254@example.com,2024-02-17,3,87
255,Chloe Anderson,chloe.anderson255@example.com,2024-01-27,3,114
256,Evelyn Brown,evelyn.brown256@example.com,2024-03-10,3,100
257,Benjamin Anderson,benjamin.anderson257@example.com,2024-01-27,2,19
258,Harper White,harper.white258@example.com,2024-03-27,3,97
259,Alexander Brown,alexander.brown259@example.com,2024-01-14,1,14
260,Mia Anderson,mia.anderson260@example.com,2024-02-07,1,3
261,Aria Wilson,aria.wilson261@example.com,2024-03-09,3,73
262,Isabella Brown,isabella.brown262@example.com,2024-02-10,2,19
263,Jack White,jack.white263@example.com,2024-02-22,1,21
264,Evelyn Lewis,evelyn.lewis264@example.com,2024-01-07,2,21
265,Isabella Lewis,isabella.lewis265@example.com,2024-02-07,2,8
266,Scarlett Young,scarlett.young266@example.com,2024-03-08,1,0
267,Ava Baker,ava.baker267@example.com,2024-02-25,3,52
268,Amelia Walker,amelia.walker268@example.com,2024-01-01,2,35
269,Lucas Jackson,lucas.jackson269@example.com,2024-03-14,3,86
270,Amelia Lewis,amelia.lewis270@example.com,2024-02-22,3,47
271,Michael Adams,michael.adams271@example.com,2024-02-23,3,97
272,Oliver Anderson,oliver.anderson272@example.com,2024-02-17,2,27
273,James Thomas,james.thomas273@example.com,2024-02-12,1,17
274,Henry Johnson,henry.johnson274@example.com,2024-02-07,2,34
275,Harper Scott,harper.scott275@example.com,2024-03-06,1,0
276,Amelia Adams,amelia.adams276@example.com,2024-01-17,2,34
277,Evelyn Wilson,evelyn.wilson277@example.com,2024-03-01,3,52
278,Alexander Johnson,alexander.johnson278@example.com,2024-03-29,2,44
279,Amelia Young,amelia.young279@example.com,2024-02-24,3,46
280,William Johnson,william.johnson280@example.com,2024-01-09,3,44
281,Chloe Lewis,chloe.lewis281@example.com,2024-01-14,2,19
282,Evelyn Miller,evelyn.miller282@example.com,2024-01-05,1,0
283,Emma Clark,emma.clark283@example.com,2024-02-01,1,0
284,Isabella Robinson,isabella.robinson284@example.com,2024-02-01,2,10
285,Harper Baker,harper.baker285@example.com,2024-03-26,2,18
286,Amelia Thomas,amelia.thomas286@example.com,2024-03-14,1,0
287,Jack Thomas,jack.thomas287@example.com,2024-03-22,1,0
288,Sophia Walker,sophia.walker288@example.com,2024-01-02,3,41
289,Michael Allen,michael.allen289@example.com,2024-01-06,3,104
290,Lucas Anderson,lucas.anderson290@example.com,2024-03-04,1,4
291,Sophia Baker,sophia.baker291@example.com,2024-03-04,3,48
292,Liam Baker,liam.baker292@example.com,2024-01-04,2,10
293,James Taylor,james.taylor293@example.com,2024-03-22,1,0
294,Ava King,ava.king294@example.com,2024-01-15,3,89
295,James Wilson,james.wilson295@example.com,2024-02-15,2,45
296,William Davis,william.davis296@example.com,2024-02-24,1,0
297,Isabella Robinson,isabella.robinson297@example.com,2024-03-08,1,16
298,Emma Baker,emma.baker298@example.com,2024-02-05,1,8
299,Ethan King,ethan.king299@example.com,2024-02-28,1,7
300,Michael Green,michael.green300@example.com,2024-01-12,1,12
301,Scarlett Miller,scarlett.miller301@example.com,2024-01-31,1,0
302,Noah Young,noah.young302@example.com,2024-01-03,1,11
303,Benjamin Young,benjamin.young303@example.com,2024-03-06,1,13
304,Amelia Clark,amelia.clark304@example.com,2024-03-10,1,0
305,Isabella Brown,isabella.brown305@example.com,2024-02-27,2,11
306,Aria Wright,aria.wright306@example.com,2024-01-24,2,11
307,Noah Green,noah.green307@example.com,2024-03-16,3,87
308,Benjamin Scott,benjamin.scott308@example.com,2024-02-28,2,29
309,Noah Young,noah.young309@example.com,2024-03-16,2,32
310,Liam Harris,liam.harris310@example.com,2024-02-21,1,0
311,Jack Scott,jack.scott311@example.com,2024-02-05,2,38
312,Sophia Hall,sophia.hall312@example.com,2024-03-03,1,0
313,Harper Johnson,harper.johnson313@example.com,2024-03-23,2,24
314,Jack Walker,jack.walker314@example.com,2024-01-11,2,36
315,Jack Harris,jack.harris315@example.com,2024-03-02,3,53
316,Evelyn Green,evelyn.green316@example.com,2024-01-15,2,30
317,Jack Miller,jack.miller317@example.com,2024-03-12,3,93
318,Ella Wright,ella.wright318@example.com,2024-01-27,1,0
319,Oliver Allen,oliver.allen319@example.com,2024-03-16,2,33
320,Henry Robinson,henry.robinson320@example.com,2024-02-12,1,20
321,Michael Young,michael.young321@example.com,2024-01-27,3,39
322,Harper Anderson,harper.anderson322@example.com,2024-03-21,1,7
323,Sophia Thomas,sophia.thomas323@example.com,2024-03-26,2,10
324,Evelyn Anderson,evelyn.anderson324@example.com,2024-03-13,3,33
325,Evelyn Young,evelyn.young325@example.com,2024-02-29,2,33
326,William Clark,william.clark326@example.com,2024-02-02,1,4
327,Ava Walker,ava.walker327@example.com,2024-03-23,3,56
328,Harper Miller,harper.miller328@example.com,2024-02-17,1,0
329,Isabella Harris,isabella.harris329@example.com,2024-03-18,2,18
330,Emma White,emma.white330@example.com,2024-01-28,2,25
331,Oliver Green,oliver.green331@example.com,2024-03-26,1,0
332,Emma Allen,emma.allen332@example.com,2024-01-01,3,58
333,Ella Taylor,ella.taylor333@example.com,2024-01-09,3,48
334,James Adams,james.adams334@example.com,2024-02-09,2,34
335,Henry Allen,henry.allen335@example.com,2024-03-14,3,92
336,James Green,james.green336@example.com,2024-02-16,2,10
337,Chloe Green,chloe.green337@example.com,2024-02-17,3,48
338,Evelyn Johnson,evelyn.johnson338@example.com,2024-01-10,2,30
339,Benjamin Anderson,benjamin.anderson339@example.com,2024-02-09,3,61
340,Aria Anderson,aria.anderson340@example.com,2024-01-30,2,6
341,William Young,william.young341@example.com,2024-02-05,2,16
342,Henry Allen,henry.allen342@example.com,2024-02-21,2,33
343,Lucas Lewis,lucas.lewis343@example.com,2024-03-13,2,30
344,Alexander White,alexander.white344@example.com,2024-02-04,1,13
345,Aria Robinson,aria.robinson345@example.com,2024-01-27,3,28
346,Benjamin Thomas,benjamin.thomas346@example.com,2024-01-23,3,92
347,Noah Adams,noah.adams347@example.com,2024-01-19,1,0
348,Harper Davis,harper.davis348@example.com,2024-03-13,1,6
349,Alexander Baker,alexander.baker349@example.com,2024-03-08,3,85
350,Ethan Taylor,ethan.taylor350@example.com,2024-01-22,3,104
351,Michael Walker,michael.walker351@example.com,2024-01-27,1,0
352,Michael Young,michael.young352@example.com,2024-03-14,1,4
353,Ella King,ella.king353@example.com,2024-01-28,1,0
354,Noah Taylor,noah.taylor354@example.com,2024-01-29,3,51
355,James Harris,james.harris355@example.com,2024-01-18,2,16
356,Benjamin Johnson,benjamin.johnson356@example.com,2024-03-09,2,20
357,Alexander Wilson,alexander.wilson357@example.com,2024-01-27,2,21
358,Liam Martinez,liam.martinez358@example.com,2024-02-23,3,48
359,Benjamin Green,benjamin.green359@example.com,2024-01-13,1,0
360,Chloe Baker,chloe.baker360@example.com,2024-02-17,1,12
361,Noah Johnson,noah.johnson361@example.com,2024-02-25,3,116
362,Benjamin Walker,benjamin.walker362@example.com,2024-02-16,3,90
363,Evelyn White,evelyn.white363@example.com,2024-01-18,4,8
364,Liam Thomas,liam.thomas364@example.com,2024-03-24,1,11
365,Henry Davis,henry.davis365@example.com,2024-03-20,1,4
366,Sophia Clark,sophia.clark366@example.com,2024-02-17,1,0
367,Sophia Young,sophia.young367@example.com,2024-03-02,2,26
368,William Martinez,william.martinez368@example.com,2024-01-15,2,47
369,Mia Young,mia.young369@example.com,2024-01-30,2,13
370,Sophia Anderson,sophia.anderson370@example.com,2024-01-12,3,40
371,Alexander Baker,alexander.baker371@example.com,2024-02-10,1,0
372,Oliver King,oliver.king372@example.com,2024-03-17,1,13
373,Oliver Anderson,oliver.anderson373@example.com,2024-03-16,2,22
374,Ella Clark,ella.clark374@example.com,2024-02-13,1,7
375,Evelyn Jackson,evelyn.jackson375@example.com,2024-03-24,1,0
376,Grace Lewis,grace.lewis376@example.com,2024-01-30,2,42
377,Grace King,grace.king377@example.com,2024-01-06,1,0
378,Oliver Adams,oliver.adams378@example.com,2024-01-10,3,53
379,Scarlett Taylor,scarlett.taylor379@example.com,2024-03-01,3,19
380,Isabella Thomas,isabella.thomas380@example.com,2024-03-05,2,10
381,Sophia Miller,sophia.miller381@example.com,2024-01-24,3,54
382,Ethan Allen,ethan.allen382@example.com,2024-01-08,3,57
383,Ethan Johnson,ethan.johnson383@example.com,2024-02-09,3,41
384,Evelyn Green,evelyn.green384@example.com,2024-02-27,1,3
385,Henry Jackson,henry.jackson385@example.com,2024-01-04,2,19
386,James Jackson,james.jackson386@example.com,2024-03-09,3,46
387,Benjamin Green,benjamin.green387@example.com,2024-03-24,3,39
388,Evelyn Brown,evelyn.brown388@example.com,2024-03-07,1,11
389,James Thomas,james.thomas389@example.com,2024-03-17,2,18
390,Chloe Young,chloe.young390@example.com,2024-03-05,3,41
391,Isabella Lewis,isabella.lewis391@example.com,2024-01-12,3,97
392,Alexander Anderson,alexander.anderson392@example.com,2024-03-03,2,20
393,Mia Thomas,mia.thomas393@example.com,2024-03-21,3,57
394,Mia Brown,mia.brown394@example.com,2024-01-06,1,0
395,Ethan Jackson,ethan.jackson395@example.com,2024-02-27,3,95
396,Michael Young,michael.young396@example.com,2024-03-30,1,0
397,Benjamin Robinson,benjamin.robinson397@example.com,2024-01-13,3,100
398,Evelyn Green,evelyn.green398@example.com,2024-01-30,2,28
399,Aria Clark,aria.clark399@example.com,2024-01-27,2,28
400,Ella Allen,ella.allen400@example.com,2024-02-17,2,12
401,Evelyn Brown,evelyn.brown401@example.com,2024-02-28,2,14
402,Liam Lewis,liam.lewis402@example.com,2024-03-12,2,8
403,Harper King,harper.king403@example.com,2024-01-25,2,9
404,Ava Brown,ava.brown404@example.com,2024-01-23,2,16
405,William Young,william.young405@example.com,2024-02-27,3,88
406,Ava Baker,ava.baker406@example.com,2024-03-06,3,83
407,Emma Young,emma.young407@example.com,2024-01-04,3,78
408,Scarlett Baker,scarlett.baker408@example.com,2024-01-18,1,3
409,Henry Hall,henry.hall409@example.com,2024-03-04,1,0
410,Evelyn Thomas,evelyn.thomas410@example.com,2024-01-18,1,9
411,Grace Lewis,grace.lewis411@example.com,2024-03-02,2,35
412,Henry Brown,henry.brown412@example.com,2024-02-15,1,18
413,Lucas Lewis,lucas.lewis413@example.com,2024-02-02,2,9
414,Harper Scott,harper.scott414@example.com,2024-01-11,3,72
415,Ethan White,ethan.white415@example.com,2024-02-09,3,90
416,Aria Walker,aria.walker416@example.com,2024-01-28,1,0
417,William Clark,william.clark417@example.com,2024-03-19,3,96
418,Scarlett Allen,scarlett.allen418@example.com,2024-01-04,4,18
419,Evelyn Brown,evelyn.brown419@example.com,2024-01-31,1,16
420,Emma White,emma.white420@example.com,2024-01-12,4,31
421,Scarlett Clark,scarlett.clark421@example.com,2024-03-24,3,44
422,Ella Johnson,ella.johnson422@example.com,2024-03-04,1,0
423,Alexander Robinson,alexander.robinson423@example.com,2024-02-10,1,0
424,Liam Taylor,liam.taylor424@example.com,2024-02-20,1,4
425,Lucas King,lucas.king425@example.com,2024-03-14,2,30
426,Henry Wright,henry.wright426@example.com,2024-02-12,2,21
427,Scarlett Martinez,scarlett.martinez427@example.com,2024-01-20,3,78
428,Emma Allen,emma.allen428@example.com,2024-01-13,2,38
429,Benjamin Robinson,benjamin.robinson429@example.com,2024-03-26,2,24
430,Aria Walker,aria.walker430@example.com,2024-01-12,2,28
431,Ava Wright,ava.wright431@example.com,2024-02-29,2,22
432,James Green,james.green432@example.com,2024-01-16,3,63
433,Benjamin Allen,benjamin.allen433@example.com,2024-01-02,2,14
434,Alexander Lewis,alexander.lewis434@example.com,2024-01-10,4,36
435,James Davis,james.davis435@example.com,2024-02-14,2,16
436,Noah Wright,noah.wright436@example.com,2024-03-21,2,31
437,Mia Walker,mia.walker437@example.com,2024-03-31,2,17
438,Aria Jackson,aria.jackson438@example.com,2024-02-19,3,44
439,Aria Thomas,aria.thomas439@example.com,2024-02-10,1,2
440,Henry Walker,henry.walker440@example.com,2024-01-24,2,27
441,Evelyn Allen,evelyn.allen441@example.com,2024-01-15,1,4
442,Amelia Taylor,amelia.taylor442@example.com,2024-03-30,2,22
443,Oliver Hall,oliver.hall443@example.com,2024-03-13,3,40
444,Mia Brown,mia.brown444@example.com,2024-01-27,3,31
445,Scarlett Lewis,scarlett.lewis445@example.com,2024-02-02,3,135
446,Ella Thomas,ella.thomas446@example.com,2024-03-20,2,19
447,Ava Jackson,ava.jackson447@example.com,2024-03-11,1,4
448,Benjamin Young,benjamin.young448@example.com,2024-02-26,2,31
449,William Walker,william.walker449@example.com,2024-03-25,1,9
450,Mia Robinson,mia.robinson450@example.com,2024-02-22,2,30
451,Henry Harris,henry.harris451@example.com,2024-02-02,2,18
452,Alexander Baker,alexander.baker452@example.com,2024-02-22,3,58
453,Amelia Robinson,amelia.robinson453@example.com,2024-03-31,3,109
454,Harper Taylor,harper.taylor454@example.com,2024-03-08,1,0
455,James Young,james.young455@example.com,2024-02-07,3,57
456,James Baker,james.baker456@example.com,2024-02-09,1,0
457,Liam White,liam.white457@example.com,2024-03-13,2,37
458,Henry Green,henry.green458@example.com,2024-03-29,2,29
459,Amelia Clark,amelia.clark459@example.com,2024-03-05,1,5
460,Chloe Wilson,chloe.wilson460@example.com,2024-02-18,2,11
461,Liam Wilson,liam.wilson461@example.com,2024-02-18,3,72
462,Grace White,grace.white462@example.com,2024-03-25,2,37
463,Noah Robinson,noah.robinson463@example.com,2024-01-10,3,131
464,Ella Robinson,ella.robinson464@example.com,2024-01-02,1,0
465,Michael Wilson,michael.wilson465@example.com,2024-02-09,2,31
466,Chloe Wilson,chloe.wilson466@example.com,2024-01-08,2,24
467,Henry Thomas,henry.thomas467@example.com,2024-02-02,3,53
468,Oliver Green,oliver.green468@example.com,2024-02-08,2,24
469,Chloe Brown,chloe.brown469@example.com,2024-03-23,2,35
470,Harper Scott,harper.scott470@example.com,2024-03-24,1,21
471,Alexander Clark,alexander.clark471@example.com,2024-01-31,2,17
472,Chloe Green,chloe.green472@example.com,2024-03-27,1,12
473,Scarlett Walker,scarlett.walker473@example.com,2024-03-25,3,60
474,Alexander Martinez,alexander.martinez474@example.com,2024-02-29,2,38
475,Sophia Anderson,sophia.anderson475@example.com,2024-03-02,2,14
476,William Jackson,william.jackson476@example.com,2024-01-23,2,24
477,Michael Brown,michael.brown477@example.com,2024-02-12,2,25
478,Noah Baker,noah.baker478@example.com,2024-03-02,2,19
479,Aria Davis,aria.davis479@example.com,2024-02-13,3,91
480,Ethan Green,ethan.green480@example.com,2024-01-30,2,6
481,Ava Martinez,ava.martinez481@example.com,2024-02-01,3,44
482,Liam Jackson,liam.jackson482@example.com,2024-02-04,2,31
483,Lucas Lewis,lucas.lewis483@example.com,2024-01-15,4,17
484,James Hall,james.hall484@example.com,2024-02-10,1,2
485,Grace Scott,grace.scott485@example.com,2024-03-17,1,4
486,Ethan Miller,ethan.miller486@example.com,2024-01-17,2,17
487,Sophia King,sophia.king487@example.com,2024-03-25,2,17
488,Amelia King,amelia.king488@example.com,2024-03-07,1,6
489,James Walker,james.walker489@example.com,2024-03-29,1,7
490,Grace Wilson,grace.wilson490@example.com,2024-01-23,2,19
491,Evelyn Wright,evelyn.wright491@example.com,2024-01-25,2,21
492,Evelyn Thomas,evelyn.thomas492@example.com,2024-03-05,2,39
493,Ava Robinson,ava.robinson493@example.com,2024-03-28,3,28
494,Benjamin Scott,benjamin.scott494@example.com,2024-02-23,2,15
495,Ethan Brown,ethan.brown495@example.com,2024-02-12,3,82
496,Lucas Young,lucas.young496@example.com,2024-01-30,1,7
497,Chloe Lewis,chloe.lewis497@example.com,2024-03-08,1,18
498,Emma Robinson,emma.robinson498@example.com,2024-03-23,3,92
499,Benjamin Taylor,benjamin.taylor499@example.com,2024-02-07,1,14
500,Henry Davis,henry.davis500@example.com,2024-01-24,1,12
501,Amelia Young,amelia.young501@example.com,2024-02-04,1,0
502,Grace Jackson,grace.jackson502@example.com,2024-03-08,3,52
503,Benjamin Johnson,benjamin.johnson503@example.com,2024-03-21,1,18
504,William Clark,william.clark504@example.com,2024-01-27,3,98
505,Ava Young,ava.young505@example.com,2024-03-24,2,46
506,William Baker,william.baker506@example.com,2024-03-13,3,35
507,Liam King,liam.king507@example.com,2024-03-13,2,34
508,Henry Jackson,henry.jackson508@example.com,2024-03-16,3,25
509,James King,james.king509@example.com,2024-03-18,1,0
510,Lucas Anderson,lucas.anderson510@example.com,2024-03-02,2,14
511,Isabella King,isabella.king511@example.com,2024-01-25,3,121
512,William Baker,william.baker512@example.com,2024-03-10,3,104
513,Scarlett Scott,scarlett.scott513@example.com,2024-03-07,1,3
514,Mia Wright,mia.wright514@example.com,2024-01-10,2,26
515,Chloe Wright,chloe.wright515@example.com,2024-01-04,4,11
516,Benjamin Robinson,benjamin.robinson516@example.com,2024-01-04,1,0
517,Grace Harris,grace.harris517@example.com,2024-03-12,2,27
518,Mia Brown,mia.brown518@example.com,2024-03-29,3,46
519,Benjamin White,benjamin.white519@example.com,2024-03-13,2,20
520,Jack Miller,jack.miller520@example.com,2024-01-20,1,9
521,Mia Allen,mia.allen521@example.com,2024-03-26,2,16
522,Lucas Hall,lucas.hall522@example.com,2024-02-18,2,24
523,Emma Miller,emma.miller523@example.com,2024-01-25,2,35
524,Henry Jackson,henry.jackson524@example.com,2024-03-13,2,22
525,Harper Davis,harper.davis525@example.com,2024-02-15,3,37
526,Sophia Wilson,sophia.wilson526@example.com,2024-03-14,2,20
527,James Scott,james.scott527@example.com,2024-03-11,1,0
528,William Clark,william.clark528@example.com,2024-03-23,2,38
529,Alexander Harris,alexander.harris529@example.com,2024-01-09,3,48
530,Amelia Johnson,amelia.johnson530@example.com,2024-01-26,2,17
531,Alexander Davis,alexander.davis531@example.com,2024-02-14,1,0
532,Lucas Scott,lucas.scott532@example.com,2024-03-13,1,0
533,William Thomas,william.thomas533@example.com,2024-02-26,2,11
534,Amelia Wright,amelia.wright534@example.com,2024-02-06,2,34
535,Noah Scott,noah.scott535@example.com,2024-01-23,2,11
536,Henry Johnson,henry.johnson536@example.com,2024-03-01,1,0
537,Alexander White,alexander.white537@example.com,2024-03-29,2,37
538,Oliver Anderson,oliver.anderson538@example.com,2024-03-03,1,0
539,Sophia Wright,sophia.wright539@example.com,2024-03-20,1,0
540,Evelyn Green,evelyn.green540@example.com,2024-01-30,1,0
541,Chloe Lewis,chloe.lewis541@example.com,2024-01-12,1,10
542,Mia Martinez,mia.martinez542@example.com,2024-01-04,3,43
543,Benjamin Walker,benjamin.walker543@example.com,2024-01-12,2,6
544,Noah Anderson,noah.anderson544@example.com,2024-03-27,2,24
545,Alexander Wilson,alexander.wilson545@example.com,2024-02-07,1,0
546,Evelyn Harris,evelyn.harris546@example.com,2024-03-06,2,27
547,Michael Green,michael.green547@example.com,2024-02-22,1,20
548,Jack Young,jack.young548@example.com,2024-03-13,1,11
549,Michael Wilson,michael.wilson549@example.com,2024-03-26,3,71
550,Jack Wright,jack.wright550@example.com,2024-01-10,2,24
551,Henry King,henry.king551@example.com,2024-02-09,1,3
552,Emma Martinez,emma.martinez552@example.com,2024-03-08,1,6
553,Lucas Taylor,lucas.taylor553@example.com,2024-02-13,2,22
554,Evelyn Anderson,evelyn.anderson554@example.com,2024-03-24,2,31
555,Lucas Davis,lucas.davis555@example.com,2024-03-07,1,16
556,Lucas Allen,lucas.allen556@example.com,2024-03-28,2,27
557,Chloe Harris,chloe.harris557@example.com,2024-01-06,2,45
558,Amelia Thomas,amelia.thomas558@example.com,2024-01-19,3,121
559,Noah Robinson,noah.robinson559@example.com,2024-01-09,2,29
560,William Taylor,william.taylor560@example.com,2024-03-03,2,22
561,Chloe King,chloe.king561@example.com,2024-01-03,2,11
562,Liam White,liam.white562@example.com,2024-01-24,2,44
563,Mia Young,mia.young563@example.com,2024-01-20,3,63
564,Sophia Baker,sophia.baker564@example.com,2024-02-23,3,47
565,Isabella Young,isabella.young565@example.com,2024-01-21,2,36
566,James White,james.white566@example.com,2024-03-16,3,98
567,Mia King,mia.king567@example.com,2024-01-01,3,58
568,Emma Wilson,emma.wilson568@example.com,2024-01-13,1,0
569,Alexander Thomas,alexander.thomas569@example.com,2024-03-18,2,25
570,Ethan Davis,ethan.davis570@example.com,2024-03-05,3,109
571,Ava Wilson,ava.wilson571@example.com,2024-01-02,1,0
572,Lucas Anderson,lucas.anderson572@example.com,2024-02-27,3,57
573,Harper Johnson,harper.johnson573@example.com,2024-01-17,4,10
574,Emma Martinez,emma.martinez574@example.com,2024-01-13,2,21
575,Michael Lewis,michael.lewis575@example.com,2024-02-21,2,36
576,Noah Adams,noah.adams576@example.com,2024-01-07,2,13
577,Henry Robinson,henry.robinson577@example.com,2024-03-16,1,0
578,Lucas Hall,lucas.hall578@example.com,2024-02-27,3,123
579,Noah Robinson,noah.robinson579@example.com,2024-02-18,3,55
580,James King,james.king580@example.com,2024-01-05,3,38
581,Michael Scott,michael.scott581@example.com,2024-02-20,2,21
582,Benjamin Robinson,benjamin.robinson582@example.com,2024-03-03,3,49
583,Ava Martinez,ava.martinez583@example.com,2024-02-16,3,65
584,Amelia Lewis,amelia.lewis584@example.com,2024-03-07,2,13
585,Noah Walker,noah.walker585@example.com,2024-03-10,3,18
586,Evelyn Brown,evelyn.brown586@example.com,2024-03-28,3,40
587,Sophia White,sophia.white587@example.com,2024-02-29,1,4
588,Mia Brown,mia.brown588@example.com,2024-01-13,3,41
589,Emma King,emma.king589@example.com,2024-03-02,1,15
590,Grace Allen,grace.allen590@example.com,2024-03-10,1,9
591,Harper Clark,harper.clark591@example.com,2024-02-28,1,23
592,Ella Jackson,ella.jackson592@example.com,2024-02-14,1,13
593,Ella King,ella.king593@example.com,2024-02-11,2,17
594,Noah Green,noah.green594@example.com,2024-01-12,1,17
595,Chloe Wright,chloe.wright595@example.com,2024-03-26,3,51
596,Scarlett Allen,scarlett.allen596@example.com,2024-03-10,3,41
597,Isabella Lewis,isabella.lewis597@example.com,2024-02-13,1,7
598,James Lewis,james.lewis598@example.com,2024-02-02,1,6
599,Evelyn Clark,evelyn.clark599@example.com,2024-02-10,1,0
600,Michael Davis,michael.davis600@example.com,2024-01-31,2,24
601,Jack White,jack.white601@example.com,2024-03-05,2,13
602,Emma Harris,emma.harris602@example.com,2024-01-15,2,25
603,William Walker,william.walker603@example.com,2024-01-07,2,25
604,Sophia Brown,sophia.brown604@example.com,2024-01-10,2,22
605,Jack Davis,jack.davis605@example.com,2024-03-13,3,55
606,Michael Harris,michael.harris606@example.com,2024-03-19,1,3
607,Mia Allen,mia.allen607@example.com,2024-01-06,2,29
608,Grace Allen,grace.allen608@example.com,2024-02-24,2,20
609,Harper Scott,harper.scott609@example.com,2024-01-12,3,100
610,Jack Harris,jack.harris610@example.com,2024-03-25,3,35
611,William Baker,william.baker611@example.com,2024-02-11,2,35
612,Michael Martinez,michael.martinez612@example.com,2024-01-28,2,20
613,Oliver Jackson,oliver.jackson613@example.com,2024-02-04,3,69
614,Noah Young,noah.young614@example.com,2024-02-19,3,20
615,Isabella Wilson,isabella.wilson615@example.com,2024-03-04,3,83
616,Henry Anderson,henry.anderson616@example.com,2024-03-23,1,19
617,Noah Harris,noah.harris617@example.com,2024-03-23,3,99
618,Alexander Harris,alexander.harris618@example.com,2024-01-12,3,39
619,Scarlett Thomas,scarlett.thomas619@example.com,2024-02-25,1,0
620,James Lewis,james.lewis620@example.com,2024-03-23,2,30
621,Alexander Baker,alexander.baker621@example.com,2024-03-20,3,61
622,Oliver King,oliver.king622@example.com,2024-03-06,1,2
623,Chloe Allen,chloe.allen623@example.com,2024-01-03,1,0
624,Oliver Scott,oliver.scott624@example.com,2024-03-21,2,35
625,Aria Thomas,aria.thomas625@example.com,2024-01-03,2,19
626,Ethan Thomas,ethan.thomas626@example.com,2024-03-09,3,65
627,Scarlett Jackson,scarlett.jackson627@example.com,2024-03-30,1,9
628,Harper Harris,harper.harris628@example.com,2024-01-01,2,12
629,Ethan Wilson,ethan.wilson629@example.com,2024-02-24,2,25
630,William Clark,william.clark630@example.com,2024-01-07,2,20
631,Mia Adams,mia.adams631@example.com,2024-03-02,2,26
632,Ava Brown,ava.brown632@example.com,2024-03-13,1,0
633,Ella Taylor,ella.taylor633@example.com,2024-02-06,3,97
634,Jack Robinson,jack.robinson634@example.com,2024-02-03,2,46
635,Ethan Harris,ethan.harris635@example.com,2024-01-31,3,82
636,Michael White,michael.white636@example.com,2024-03-16,3,54
637,Grace King,grace.king637@example.com,2024-01-09,4,28
638,Liam Wilson,liam.wilson638@example.com,2024-01-16,3,74
639,Scarlett King,scarlett.king639@example.com,2024-01-05,1,0
640,William Brown,william.brown640@example.com,2024-01-27,2,41
641,Evelyn Scott,evelyn.scott641@example.com,2024-02-11,3,50
642,Henry King,henry.king642@example.com,2024-02-12,1,0
643,Jack Thomas,jack.thomas643@example.com,2024-01-21,3,60
644,Scarlett Hall,scarlett.hall644@example.com,2024-01-12,2,40
645,Lucas Lewis,lucas.lewis645@example.com,2024-01-11,3,39
646,Benjamin Scott,benjamin.scott646@example.com,2024-03-06,1,0
647,Grace Walker,grace.walker647@example.com,2024-02-21,1,11
648,William Jackson,william.jackson648@example.com,2024-01-05,1,22
649,James Clark,james.clark649@example.com,2024-02-28,3,115
650,Liam Johnson,liam.johnson650@example.com,2024-01-20,2,4
651,Benjamin Taylor,benjamin.taylor651@example.com,2024-03-15,3,34
652,Mia Baker,mia.baker652@example.com,2024-01-25,1,0
653,Benjamin White,benjamin.white653@example.com,2024-01-12,2,54
654,Ava Walker,ava.walker654@example.com,2024-03-13,1,0
655,Jack Miller,jack.miller655@example.com,2024-01-13,4,11
656,Amelia Allen,amelia.allen656@example.com,2024-03-09,2,19
657,James Hall,james.hall657@example.com,2024-02-24,1,4
658,William Harris,william.harris658@example.com,2024-01-07,1,13
659,Amelia Adams,amelia.adams659@example.com,2024-01-05,3,126
660,Jack Johnson,jack.johnson660@example.com,2024-02-14,2,15
661,Sophia White,sophia.white661@example.com,2024-02-25,3,108
662,Jack Young,jack.young662@example.com,2024-02-09,1,0
663,Aria Wright,aria.wright663@example.com,2024-02-10,2,28
664,Benjamin Davis,benjamin.davis664@example.com,2024-02-09,3,32
665,Ava White,ava.white665@example.com,2024-01-17,1,4
666,Oliver Robinson,oliver.robinson666@example.com,2024-03-21,3,104
667,Aria Harris,aria.harris667@example.com,2024-01-09,2,20
668,Jack Davis,jack.davis668@example.com,2024-01-24,2,34
669,Jack Young,jack.young669@example.com,2024-02-08,1,11
670,Ella Brown,ella.brown670@example.com,2024-02-08,1,9
671,Benjamin Adams,benjamin.adams671@example.com,2024-02-02,2,28
672,James White,james.white672@example.com,2024-03-16,1,0
673,Ethan Brown,ethan.brown673@example.com,2024-02-19,1,0
674,Chloe Davis,chloe.davis674@example.com,2024-02-21,2,28
675,Ella Taylor,ella.taylor675@example.com,2024-03-28,2,28
676,Scarlett Harris,scarlett.harris676@example.com,2024-02-04,2,31
677,Michael Wright,michael.wright677@example.com,2024-03-20,1,9
678,Mia Anderson,mia.anderson678@example.com,2024-01-10,2,30
679,Mia Thomas,mia.thomas679@example.com,2024-01-20,2,17
680,Ethan King,ethan.king680@example.com,2024-01-15,2,24
681,Scarlett Baker,scarlett.baker681@example.com,2024-03-04,2,25
682,Sophia Miller,sophia.miller682@example.com,2024-03-16,3,61
683,Chloe Walker,chloe.walker683@example.com,2024-02-15,2,24
684,Scarlett Young,scarlett.young684@example.com,2024-03-14,3,123
685,Grace Robinson,grace.robinson685@example.com,2024-03-07,2,34
686,Grace Wright,grace.wright686@example.com,2024-03-02,3,33
687,Oliver White,oliver.white687@example.com,2024-03-24,3,39
688,Chloe White,chloe.white688@example.com,2024-01-15,2,15
689,Evelyn Brown,evelyn.brown689@example.com,2024-02-15,1,0
690,Evelyn Wright,evelyn.wright690@example.com,2024-01-30,3,68
691,Emma Young,emma.young691@example.com,2024-01-06,1,0
692,Lucas Hall,lucas.hall692@example.com,2024-01-08,1,0
693,Benjamin Robinson,benjamin.robinson693@example.com,2024-02-13,2,29
694,Liam Martinez,liam.martinez694@example.com,2024-02-05,3,63
695,Benjamin Brown,benjamin.brown695@example.com,2024-03-03,1,0
696,Sophia King,sophia.king696@example.com,2024-02-27,2,28
697,Ella Clark,ella.clark697@example.com,2024-02-14,3,99
698,Grace Allen,grace.allen698@example.com,2024-03-17,3,114
699,Michael Martinez,michael.martinez699@example.com,2024-02-13,2,34
700,Grace Wright,grace.wright700@example.com,2024-01-19,2,29
701,Harper King,harper.king701@example.com,2024-02-16,1,5
702,Ella Wilson,ella.wilson702@example.com,2024-01-07,3,63
703,Evelyn Davis,evelyn.davis703@example.com,2024-03-19,2,34
704,Harper Green,harper.green704@example.com,2024-01-09,4,17
705,Ella Wright,ella.wright705@example.com,2024-01-17,2,29
706,Liam Anderson,liam.anderson706@example.com,2024-03-09,3,47
707,Evelyn Robinson,evelyn.robinson707@example.com,2024-02-20,3,49
708,Ella King,ella.king708@example.com,2024-01-16,3,67
709,Lucas Harris,lucas.harris709@example.com,2024-03-30,3,40
710,Benjamin Clark,benjamin.clark710@example.com,2024-02-09,2,33
711,Scarlett White,scarlett.white711@example.com,2024-03-06,2,31
712,Oliver Martinez,oliver.martinez712@example.com,2024-03-17,1,5
713,Chloe Wright,chloe.wright713@example.com,2024-02-02,1,12
714,Sophia White,sophia.white714@example.com,2024-01-10,3,72
715,Alexander Scott,alexander.scott715@example.com,2024-02-07,1,0
716,Benjamin Thomas,benjamin.thomas716@example.com,2024-03-11,1,0
717,William King,william.king717@example.com,2024-03-25,1,13
718,Mia White,mia.white718@example.com,2024-01-08,2,11
719,Grace Scott,grace.scott719@example.com,2024-01-14,4,19
720,Lucas Jackson,lucas.jackson720@example.com,2024-03-04,3,81
721,Aria Scott,aria.scott721@example.com,2024-02-08,2,32
722,Mia King,mia.king722@example.com,2024-03-09,2,27
723,Sophia Jackson,sophia.jackson723@example.com,2024-02-24,2,10
724,Amelia Wright,amelia.wright724@example.com,2024-03-17,1,0
725,Harper Wilson,harper.wilson725@example.com,2024-03-06,2,31
726,Aria Adams,aria.adams726@example.com,2024-03-07,3,56
727,Ella Brown,ella.brown727@example.com,2024-03-03,2,22
728,William Lewis,william.lewis728@example.com,2024-02-19,3,71
729,Lucas Johnson,lucas.johnson729@example.com,2024-02-05,1,8
730,Benjamin Miller,benjamin.miller730@example.com,2024-01-21,2,25
731,Harper Baker,harper.baker731@example.com,2024-02-17,1,15
732,Isabella Anderson,isabella.anderson732@example.com,2024-01-14,2,13
733,Mia Brown,mia.brown733@example.com,2024-01-29,1,3
734,Noah Hall,noah.hall734@example.com,2024-03-15,3,78
735,Alexander Adams,alexander.adams735@example.com,2024-03-26,2,35
736,Ella Martinez,ella.martinez736@example.com,2024-03-05,3,50
737,Harper Baker,harper.baker737@example.com,2024-03-01,3,45
738,Mia King,mia.king738@example.com,2024-02-06,2,10
739,Mia Miller,mia.miller739@example.com,2024-01-18,2,24
740,Aria Baker,aria.baker740@example.com,2024-03-01,2,56
741,Ethan Adams,ethan.adams741@example.com,2024-02-12,2,20
742,Liam Lewis,liam.lewis742@example.com,2024-02-05,1,7
743,William Adams,william.adams743@example.com,2024-01-24,2,28
744,Evelyn King,evelyn.king744@example.com,2024-01-28,1,0
745,Scarlett Adams,scarlett.adams745@example.com,2024-03-17,2,45
746,Evelyn Anderson,evelyn.anderson746@example.com,2024-02-21,2,38
747,James Jackson,james.jackson747@example.com,2024-03-19,3,111
748,Henry Taylor,henry.taylor748@example.com,2024-02-05,1,4
749,William Young,william.young749@example.com,2024-02-12,3,38
750,Evelyn Baker,evelyn.baker750@example.com,2024-01-28,2,34
751,Scarlett Clark,scarlett.clark751@example.com,2024-02-18,2,34
752,Ella Lewis,ella.lewis752@example.com,2024-01-16,2,36
753,Isabella King,isabella.king753@example.com,2024-01-14,2,15
754,Emma Martinez,emma.martinez754@example.com,2024-03-03,1,0
755,Henry Harris,henry.harris755@example.com,2024-02-23,1,11
756,Noah Green,noah.green756@example.com,2024-03-23,2,17
757,Ella Davis,ella.davis757@example.com,2024-01-28,1,12
758,Sophia Baker,sophia.baker758@example.com,2024-01-16,1,0
759,Emma Robinson,emma.robinson759@example.com,2024-03-28,1,7
760,Ella Wilson,ella.wilson760@example.com,2024-03-21,1,0
761,Jack Brown,jack.brown761@example.com,2024-03-29,1,11
762,James Robinson,james.robinson762@example.com,2024-03-26,1,0
763,Lucas Johnson,lucas.johnson763@example.com,2024-02-10,3,24
764,Liam Clark,liam.clark764@example.com,2024-02-18,3,53
765,Lucas Anderson,lucas.anderson765@example.com,2024-02-07,2,7
766,Sophia Harris,sophia.harris766@example.com,2024-01-22,3,89
767,Ava White,ava.white767@example.com,2024-03-31,1,0
768,Noah Green,noah.green768@example.com,2024-03-04,2,46
769,Harper Wilson,harper.wilson769@example.com,2024-01-14,4,23
770,Liam Jackson,liam.jackson770@example.com,2024-03-30,3,39
771,Henry Green,henry.green771@example.com,2024-03-21,1,20
772,Mia Baker,mia.baker772@example.com,2024-03-09,3,58
773,Henry Robinson,henry.robinson773@example.com,2024-02-29,3,58
774,Ava Brown,ava.brown774@example.com,2024-01-02,3,96
775,Emma Taylor,emma.taylor775@example.com,2024-03-22,2,8
776,Mia Allen,mia.allen776@example.com,2024-03-11,1,0
777,Oliver Hall,oliver.hall777@example.com,2024-02-11,1,12
778,Noah Baker,noah.baker778@example.com,2024-01-28,3,77
779,James Jackson,james.jackson779@example.com,2024-01-12,3,39
780,Liam Anderson,liam.anderson780@example.com,2024-02-10,2,14
781,Chloe King,chloe.king781@example.com,2024-02-14,1,6
782,Sophia Davis,sophia.davis782@example.com,2024-03-22,2,15
783,Henry King,henry.king783@example.com,2024-02-22,2,27
784,Ava Wright,ava.wright784@example.com,2024-02-20,1,17
785,Grace Anderson,grace.anderson785@example.com,2024-03-10,1,10
786,Mia Jackson,mia.jackson786@example.com,2024-02-11,3,37
787,Ava King,ava.king787@example.com,2024-02-04,1,0
788,James Young,james.young788@example.com,2024-02-10,2,26
789,Ethan Scott,ethan.scott789@example.com,2024-03-05,3,53
790,Sophia Hall,sophia.hall790@example.com,2024-02-05,2,22
791,Sophia Hall,sophia.hall791@example.com,2024-02-22,3,77
792,Ella Hall,ella.hall792@example.com,2024-02-23,1,0
793,Ava Clark,ava.clark793@example.com,2024-03-25,1,7
794,Henry Martinez,henry.martinez794@example.com,2024-03-02,2,22
795,Amelia Harris,amelia.harris795@example.com,2024-01-25,1,17
796,Michael Johnson,michael.johnson796@example.com,2024-02-04,3,112
797,Sophia Harris,sophia.harris797@example.com,2024-01-24,3,102
798,Michael Scott,michael.scott798@example.com,2024-03-01,3,87
799,Noah Baker,noah.baker799@example.com,2024-02-26,2,12
800,Michael Baker,michael.baker800@example.com,2024-02-02,2,25
801,Mia Martinez,mia.martinez801@example.com,2024-02-04,2,23
802,Alexander White,alexander.white802@example.com,2024-03-19,2,23
803,Chloe Miller,chloe.miller803@example.com,2024-03-21,2,36
804,Scarlett Scott,scarlett.scott804@example.com,2024-02-15,3,90
805,Aria Walker,aria.walker805@example.com,2024-03-02,1,8
806,Ethan Wilson,ethan.wilson806@example.com,2024-01-07,1,0
807,Aria Baker,aria.baker807@example.com,2024-02-14,3,113
808,Liam Jackson,liam.jackson808@example.com,2024-01-20,3,72
809,Liam Taylor,liam.taylor809@example.com,2024-03-27,1,4
810,Liam White,liam.white810@example.com,2024-03-31,1,12
811,Benjamin Hall,benjamin.hall811@example.com,2024-02-08,3,30
812,Alexander Walker,alexander.walker812@example.com,2024-01-25,1,6
813,Liam Baker,liam.baker813@example.com,2024-03-03,1,0
814,Isabella Jackson,isabella.jackson814@example.com,2024-02-04,2,37
815,Scarlett Martinez,scarlett.martinez815@example.com,2024-03-25,2,24
816,Chloe White,chloe.white816@example.com,2024-01-27,2,26
817,Noah Harris,noah.harris817@example.com,2024-02-12,2,21
818,Amelia Adams,amelia.adams818@example.com,2024-02-12,1,20
819,Amelia White,amelia.white819@example.com,2024-01-19,2,16
820,Henry Green,henry.green820@example.com,2024-02-18,3,26
821,Lucas Hall,lucas.hall821@example.com,2024-01-26,1,7
822,Sophia Adams,sophia.adams822@example.com,2024-02-11,3,39
823,Sophia Lewis,sophia.lewis823@example.com,2024-02-28,3,32
824,Ethan Allen,ethan.allen824@example.com,2024-01-29,3,80
825,Harper Davis,harper.davis825@example.com,2024-01-08,2,28
826,Harper Scott,harper.scott826@example.com,2024-01-29,1,0
827,Benjamin Robinson,benjamin.robinson827@example.com,2024-02-28,1,0
828,Aria Lewis,aria.lewis828@example.com,2024-01-17,2,20
829,Aria Robinson,aria.robinson829@example.com,2024-02-04,1,4
830,Evelyn Martinez,evelyn.martinez830@example.com,2024-03-11,1,4
831,Lucas King,lucas.king831@example.com,2024-02-12,3,72
832,Emma Wright,emma.wright832@example.com,2024-03-17,1,0
833,Liam Brown,liam.brown833@example.com,2024-03-06,1,0
834,Chloe Clark,chloe.clark834@example.com,2024-02-05,3,58
835,Ella Adams,ella.adams835@example.com,2024-03-06,1,7
836,Ethan Johnson,ethan.johnson836@example.com,2024-01-14,1,0
837,Oliver Scott,oliver.scott837@example.com,2024-03-16,1,15
838,Evelyn Martinez,evelyn.martinez838@example.com,2024-01-13,3,108
839,Sophia Anderson,sophia.anderson839@example.com,2024-03-16,3,45
840,Chloe Harris,chloe.harris840@example.com,2024-02-05,3,36
841,Amelia Young,amelia.young841@example.com,2024-01-04,2,20
842,Oliver Wilson,oliver.wilson842@example.com,2024-03-06,1,0
843,Evelyn Harris,evelyn.harris843@example.com,2024-02-06,2,24
844,Evelyn Baker,evelyn.baker844@example.com,2024-01-08,2,33
845,Grace Wilson,grace.wilson845@example.com,2024-02-21,3,103
846,Lucas Clark,lucas.clark846@example.com,2024-01-31,1,6
847,Chloe Thomas,chloe.thomas847@example.com,2024-01-25,4,7
848,Noah Johnson,noah.johnson848@example.com,2024-03-12,3,37
849,Ethan Walker,ethan.walker849@example.com,2024-02-20,3,43
850,Amelia Allen,amelia.allen850@example.com,2024-01-12,2,36
851,Emma Baker,emma.baker851@example.com,2024-01-26,2,32
852,Aria Robinson,aria.robinson852@example.com,2024-01-21,3,35
853,Oliver Jackson,oliver.jackson853@example.com,2024-03-08,3,42
854,Henry Taylor,henry.taylor854@example.com,2024-01-12,3,48
855,Mia Brown,mia.brown855@example.com,2024-02-13,3,98
856,Ethan Green,ethan.green856@example.com,2024-02-13,2,21
857,Sophia Scott,sophia.scott857@example.com,2024-03-23,1,0
858,Harper Scott,harper.scott858@example.com,2024-02-03,1,5
859,Aria Brown,aria.brown859@example.com,2024-02-23,2,29
860,Alexander Jackson,alexander.jackson860@example.com,2024-03-27,1,12
861,Benjamin Miller,benjamin.miller861@example.com,2024-03-10,3,37
862,Aria Green,aria.green862@example.com,2024-03-02,2,12
863,Ethan Harris,ethan.harris863@example.com,2024-02-19,1,15
864,James Davis,james.davis864@example.com,2024-01-20,2,19
865,Mia Anderson,mia.anderson865@example.com,2024-03-17,1,0
866,Henry Johnson,henry.johnson866@example.com,2024-02-05,2,20
867,Alexander Young,alexander.young867@example.com,2024-02-05,3,54
868,Evelyn Allen,evelyn.allen868@example.com,2024-01-13,1,0
869,Oliver Brown,oliver.brown869@example.com,2024-01-07,4,5
870,Benjamin Clark,benjamin.clark870@example.com,2024-03-10,1,7
871,Michael Walker,michael.walker871@example.com,2024-02-21,2,31
872,Jack Baker,jack.baker872@example.com,2024-02-09,2,31
873,Grace Brown,grace.brown873@example.com,2024-01-13,2,30
874,Harper Wright,harper.wright874@example.com,2024-01-08,2,8
875,Evelyn Robinson,evelyn.robinson875@example.com,2024-03-07,1,0
876,Ella Harris,ella.harris876@example.com,2024-01-13,1,18
877,Scarlett Allen,scarlett.allen877@example.com,2024-03-03,3,52
878,Grace Miller,grace.miller878@example.com,2024-03-15,2,19
879,Mia Lewis,mia.lewis879@example.com,2024-02-18,3,59
880,Liam Davis,liam.davis880@example.com,2024-02-20,2,25
881,Mia Jackson,mia.jackson881@example.com,2024-01-16,2,4
882,Ethan White,ethan.white882@example.com,2024-03-31,1,9
883,Aria Anderson,aria.anderson883@example.com,2024-02-03,2,37
884,Ella Jackson,ella.jackson884@example.com,2024-03-23,2,21
885,Sophia Thomas,sophia.thomas885@example.com,2024-01-20,3,93
886,Chloe Allen,chloe.allen886@example.com,2024-01-27,1,11
887,Mia Wright,mia.wright887@example.com,2024-01-30,3,83
888,Oliver Allen,oliver.allen888@example.com,2024-01-10,1,3
889,Ella Wright,ella.wright889@example.com,2024-01-17,2,21
890,Grace Young,grace.young890@example.com,2024-01-15,2,14
891,Ethan Scott,ethan.scott891@example.com,2024-03-01,1,16
892,Michael King,michael.king892@example.com,2024-02-02,1,6
893,Grace Martinez,grace.martinez893@example.com,2024-03-21,3,59
894,Ava Brown,ava.brown894@example.com,2024-01-05,3,101
895,Chloe Baker,chloe.baker895@example.com,2024-02-25,1,20
896,Emma Wright,emma.wright896@example.com,2024-01-21,3,52
897,Scarlett Young,scarlett.young897@example.com,2024-02-10,1,13
898,Oliver Wright,oliver.wright898@example.com,2024-01-03,2,52
899,Henry Wright,henry.wright899@example.com,2024-02-22,1,19
900,Benjamin Wright,benjamin.wright900@example.com,2024-01-30,3,87
901,Henry Anderson,henry.anderson901@example.com,2024-03-19,3,49
902,William Clark,william.clark902@example.com,2024-01-29,2,26
903,Evelyn Brown,evelyn.brown903@example.com,2024-03-07,2,16
904,Liam Miller,liam.miller904@example.com,2024-02-12,2,34
905,Jack Walker,jack.walker905@example.com,2024-02-15,1,0
906,Isabella White,isabella.white906@example.com,2024-02-28,1,13
907,Mia White,mia.white907@example.com,2024-03-24,1,17
908,Aria White,aria.white908@example.com,2024-03-12,1,0
909,Lucas Clark,lucas.clark909@example.com,2024-01-13,1,0
910,Scarlett Harris,scarlett.harris910@example.com,2024-02-19,1,6
911,Alexander Davis,alexander.davis911@example.com,2024-01-31,2,28
912,James Robinson,james.robinson912@example.com,2024-01-12,2,37
913,Emma Robinson,emma.robinson913@example.com,2024-01-25,1,0
914,Mia Davis,mia.davis914@example.com,2024-01-05,2,18
915,Benjamin Clark,benjamin.clark915@example.com,2024-03-24,2,38
916,Oliver Lewis,oliver.lewis916@example.com,2024-01-25,2,26
917,Ethan White,ethan.white917@example.com,2024-03-31,3,108
918,Grace Adams,grace.adams918@example.com,2024-01-31,3,52
919,Isabella Baker,isabella.baker919@example.com,2024-01-16,2,16
920,Henry Hall,henry.hall920@example.com,2024-02-15,3,52
921,Henry Jackson,henry.jackson921@example.com,2024-02-18,3,39
922,Ava Brown,ava.brown922@example.com,2024-02-08,3,26
923,Ella Robinson,ella.robinson923@example.com,2024-01-24,1,18
924,Isabella Young,isabella.young924@example.com,2024-02-04,2,20
925,Liam Martinez,liam.martinez925@example.com,2024-01-28,2,18
926,Henry King,henry.king926@example.com,2024-03-26,2,15
927,Chloe Scott,chloe.scott927@example.com,2024-02-15,2,29
928,Benjamin Allen,benjamin.allen928@example.com,2024-01-01,2,40
929,Noah Lewis,noah.lewis929@example.com,2024-01-14,1,13
930,Emma Adams,emma.adams930@example.com,2024-02-05,1,0
931,Scarlett Clark,scarlett.clark931@example.com,2024-02-05,3,99
932,Liam Clark,liam.clark932@example.com,2024-01-05,2,43
933,Grace Allen,grace.allen933@example.com,2024-01-19,1,0
934,Lucas Allen,lucas.allen934@example.com,2024-01-29,1,16
935,Sophia Clark,sophia.clark935@example.com,2024-02-18,3,75
936,Evelyn Baker,evelyn.baker936@example.com,2024-02-23,1,14
937,Emma King,emma.king937@example.com,2024-03-07,1,4
938,Oliver Davis,oliver.davis938@example.com,2024-01-13,2,31
939,Noah Clark,noah.clark939@example.com,2024-02-06,3,89
940,Harper Allen,harper.allen940@example.com,2024-02-05,1,5
941,Scarlett Wilson,scarlett.wilson941@example.com,2024-01-20,3,31
942,Oliver Hall,oliver.hall942@example.com,2024-02-08,1,0
943,Ella Martinez,ella.martinez943@example.com,2024-01-05,3,40
944,Liam Wilson,liam.wilson944@example.com,2024-03-10,2,29
945,Harper Walker,harper.walker945@example.com,2024-02-20,1,0
946,Evelyn Wilson,evelyn.wilson946@example.com,2024-02-28,2,27
947,Ella Wilson,ella.wilson947@example.com,2024-02-01,3,30
948,Oliver White,oliver.white948@example.com,2024-01-16,1,0
949,Amelia King,amelia.king949@example.com,2024-03-12,2,24
950,Benjamin Young,benjamin.young950@example.com,2024-02-02,1,0
951,Ella Hall,ella.hall951@example.com,2024-02-21,3,23
952,Henry Green,henry.green952@example.com,2024-02-24,1,4
953,Benjamin Walker,benjamin.walker953@example.com,2024-03-20,1,0
954,Ava Harris,ava.harris954@example.com,2024-02-02,1,0
955,William Davis,william.davis955@example.com,2024-02-10,2,28
956,Grace Jackson,grace.jackson956@example.com,2024-03-18,1,14
957,Michael Green,michael.green957@example.com,2024-03-02,3,111
958,Ava King,ava.king958@example.com,2024-02-16,1,16
959,Emma Wright,emma.wright959@example.com,2024-03-17,2,25
960,Scarlett Young,scarlett.young960@example.com,2024-02-26,1,11
961,James Adams,james.adams961@example.com,2024-01-05,4,31
962,Grace Walker,grace.walker962@example.com,2024-01-17,1,0
963,Ella Wright,ella.wright963@example.com,2024-03-11,2,46
964,Oliver Baker,oliver.baker964@example.com,2024-03-22,1,0
965,Amelia Wilson,amelia.wilson965@example.com,2024-03-20,2,34
966,William Anderson,william.anderson966@example.com,2024-01-04,2,31
967,Grace Green,grace.green967@example.com,2024-01-11,1,0
968,Isabella Johnson,isabella.johnson968@example.com,2024-02-12,3,64
969,Harper Lewis,harper.lewis969@example.com,2024-01-15,2,29
970,Jack Green,jack.green970@example.com,2024-01-20,2,19
971,Jack Hall,jack.hall971@example.com,2024-03-16,1,0
972,Oliver Walker,oliver.walker972@example.com,2024-03-25,3,53
973,Michael Adams,michael.adams973@example.com,2024-01-07,2,28
974,Aria Wilson,aria.wilson974@example.com,2024-02-20,3,122
975,Isabella Allen,isabella.allen975@example.com,2024-02-01,2,12
976,William Walker,william.walker976@example.com,2024-02-21,3,47
977,Amelia White,amelia.white977@example.com,2024-01-17,1,0
978,Evelyn Allen,evelyn.allen978@example.com,2024-02-03,2,9
979,Alexander Harris,alexander.harris979@example.com,2024-03-06,1,16
980,Scarlett Adams,scarlett.adams980@example.com,2024-03-07,1,2
981,Chloe Green,chloe.green981@example.com,2024-01-26,3,48
982,Oliver Walker,oliver.walker982@example.com,2024-01-19,3,33
983,James Thomas,james.thomas983@example.com,2024-02-24,2,15
984,Benjamin Anderson,benjamin.anderson984@example.com,2024-01-29,1,0
985,Scarlett Jackson,scarlett.jackson985@example.com,2024-03-09,1,0
986,Isabella Green,isabella.green986@example.com,2024-03-09,2,29
987,Henry White,henry.white987@example.com,2024-02-16,1,0
988,Lucas Allen,lucas.allen988@example.com,2024-03-31,2,28
989,Michael Thomas,michael.thomas989@example.com,2024-01-28,2,13
990,Noah Young,noah.young990@example.com,2024-03-06,3,32
991,Alexander Clark,alexander.clark991@example.com,2024-03-27,2,39
992,Amelia Harris,amelia.harris992@example.com,2024-03-16,3,53
993,Mia Jackson,mia.jackson993@example.com,2024-01-05,1,0
994,Benjamin Green,benjamin.green994@example.com,2024-01-08,3,87
995,Lucas Robinson,lucas.robinson995@example.com,2024-03-04,1,19
996,Emma Adams,emma.adams996@example.com,2024-02-16,2,10
997,Isabella Taylor,isabella.taylor997@example.com,2024-03-21,2,20
998,Alexander Thomas,alexander.thomas998@example.com,2024-03-31,2,33
999,Alexander Green,alexander.green999@example.com,2024-01-27,2,30
1000,Mia Davis,mia.davis1000@example.com,2024-02-29,1,0
