LocationID,MenuItemID,SnapshotDate,OnHandQty
1,1,2024-01-01,68
1,1,2024-01-02,33
1,1,2024-01-03,47
1,1,2024-01-04,74
1,1,2024-01-05,48
1,1,2024-01-06,63
1,1,2024-01-07,56
1,1,2024-01-08,43
1,1,2024-01-09,21
1,1,2024-01-10,80
1,1,2024-01-11,70
1,1,2024-01-12,52
1,1,2024-01-13,30
1,1,2024-01-14,78
1,1,2024-01-15,64
1,1,2024-01-16,53
1,1,2024-01-17,58
1,1,2024-01-18,45
1,1,2024-01-19,51
1,1,2024-01-20,64
1,1,2024-01-21,67
1,1,2024-01-22,59
1,1,2024-01-23,25
1,1,2024-01-24,62
1,1,2024-01-25,33
1,1,2024-01-26,43
1,1,2024-01-27,20
1,1,2024-01-28,74
1,1,2024-01-29,40
1,1,2024-01-30,59
1,1,2024-01-31,63
1,1,2024-02-01,35
1,1,2024-02-02,58
1,1,2024-02-03,78
1,1,2024-02-04,35
1,1,2024-02-05,75
1,1,2024-02-06,46
1,1,2024-02-07,75
1,1,2024-02-08,77
1,1,2024-02-09,54
1,1,2024-02-10,27
1,1,2024-02-11,18
1,1,2024-02-12,55
1,1,2024-02-13,36
1,1,2024-02-14,77
1,1,2024-02-15,44
1,1,2024-02-16,35
1,1,2024-02-17,56
1,1,2024-02-18,64
1,1,2024-02-19,71
1,1,2024-02-20,22
1,1,2024-02-21,25
1,1,2024-02-22,75
1,1,2024-02-23,32
1,1,2024-02-24,25
1,1,2024-02-25,34
1,1,2024-02-26,57
1,1,2024-02-27,38
1,1,2024-02-28,66
1,1,2024-02-29,73
1,1,2024-03-01,24
1,1,2024-03-02,77
1,1,2024-03-03,54
1,1,2024-03-04,73
1,1,2024-03-05,28
1,1,2024-03-06,41
1,1,2024-03-07,21
1,1,2024-03-08,68
1,1,2024-03-09,55
1,1,2024-03-10,73
1,1,2024-03-11,72
1,1,2024-03-12,19
1,1,2024-03-13,18
1,1,2024-03-14,23
1,1,2024-03-15,74
1,1,2024-03-16,36
1,1,2024-03-17,32
1,1,2024-03-18,44
1,1,2024-03-19,18
1,1,2024-03-20,49
1,1,2024-03-21,36
1,1,2024-03-22,69
1,1,2024-03-23,71
1,1,2024-03-24,49
1,1,2024-03-25,53
1,1,2024-03-26,57
1,1,2024-03-27,74
1,1,2024-03-28,60
1,1,2024-03-29,55
1,1,2024-03-30,11
1,1,2024-03-31,41
1,1,2024-04-01,76
1,2,2024-01-01,23
1,2,2024-01-02,33
1,2,2024-01-03,80
1,2,2024-01-04,53
1,2,2024-01-05,66
1,2,2024-01-06,52
1,2,2024-01-07,56
1,2,2024-01-08,60
1,2,2024-01-09,66
1,2,2024-01-10,66
1,2,2024-01-11,65
1,2,2024-01-12,22
1,2,2024-01-13,37
1,2,2024-01-14,36
1,2,2024-01-15,60
1,2,2024-01-16,23
1,2,2024-01-17,22
1,2,2024-01-18,38
1,2,2024-01-19,22
1,2,2024-01-20,34
1,2,2024-01-21,35
1,2,2024-01-22,24
1,2,2024-01-23,42
1,2,2024-01-24,45
1,2,2024-01-25,44
1,2,2024-01-26,75
1,2,2024-01-27,52
1,2,2024-01-28,40
1,2,2024-01-29,21
1,2,2024-01-30,63
1,2,2024-01-31,31
1,2,2024-02-01,72
1,2,2024-02-02,41
1,2,2024-02-03,30
1,2,2024-02-04,50
1,2,2024-02-05,60
1,2,2024-02-06,59
1,2,2024-02-07,25
1,2,2024-02-08,36
1,2,2024-02-09,48
1,2,2024-02-10,61
1,2,2024-02-11,30
1,2,2024-02-12,49
1,2,2024-02-13,38
1,2,2024-02-14,47
1,2,2024-02-15,39
1,2,2024-02-16,41
1,2,2024-02-17,52
1,2,2024-02-18,21
1,2,2024-02-19,32
1,2,2024-02-20,19
1,2,2024-02-21,58
1,2,2024-02-22,59
1,2,2024-02-23,15
1,2,2024-02-24,26
1,2,2024-02-25,77
1,2,2024-02-26,42
1,2,2024-02-27,50
1,2,2024-02-28,77
1,2,2024-02-29,35
1,2,2024-03-01,38
1,2,2024-03-02,37
1,2,2024-03-03,43
1,2,2024-03-04,19
1,2,2024-03-05,48
1,2,2024-03-06,72
1,2,2024-03-07,69
1,2,2024-03-08,47
1,2,2024-03-09,55
1,2,2024-03-10,32
1,2,2024-03-11,20
1,2,2024-03-12,21
1,2,2024-03-13,77
1,2,2024-03-14,56
1,2,2024-03-15,21
1,2,2024-03-16,24
1,2,2024-03-17,68
1,2,2024-03-18,46
1,2,2024-03-19,65
1,2,2024-03-20,71
1,2,2024-03-21,54
1,2,2024-03-22,18
1,2,2024-03-23,37
1,2,2024-03-24,69
1,2,2024-03-25,52
1,2,2024-03-26,44
1,2,2024-03-27,59
1,2,2024-03-28,44
1,2,2024-03-29,52
1,2,2024-03-30,54
1,2,2024-03-31,15
1,2,2024-04-01,50
1,3,2024-01-01,64
1,3,2024-01-02,26
1,3,2024-01-03,47
1,3,2024-01-04,25
1,3,2024-01-05,25
1,3,2024-01-06,43
1,3,2024-01-07,53
1,3,2024-01-08,79
1,3,2024-01-09,44
1,3,2024-01-10,46
1,3,2024-01-11,70
1,3,2024-01-12,52
1,3,2024-01-13,47
1,3,2024-01-14,27
1,3,2024-01-15,24
1,3,2024-01-16,56
1,3,2024-01-17,55
1,3,2024-01-18,49
1,3,2024-01-19,71
1,3,2024-01-20,73
1,3,2024-01-21,44
1,3,2024-01-22,47
1,3,2024-01-23,42
1,3,2024-01-24,56
1,3,2024-01-25,66
1,3,2024-01-26,65
1,3,2024-01-27,52
1,3,2024-01-28,31
1,3,2024-01-29,60
1,3,2024-01-30,32
1,3,2024-01-31,30
1,3,2024-02-01,45
1,3,2024-02-02,24
1,3,2024-02-03,48
1,3,2024-02-04,72
1,3,2024-02-05,21
1,3,2024-02-06,65
1,3,2024-02-07,35
1,3,2024-02-08,75
1,3,2024-02-09,19
1,3,2024-02-10,39
1,3,2024-02-11,50
1,3,2024-02-12,32
1,3,2024-02-13,41
1,3,2024-02-14,27
1,3,2024-02-15,34
1,3,2024-02-16,40
1,3,2024-02-17,61
1,3,2024-02-18,54
1,3,2024-02-19,22
1,3,2024-02-20,55
1,3,2024-02-21,40
1,3,2024-02-22,46
1,3,2024-02-23,39
1,3,2024-02-24,44
1,3,2024-02-25,62
1,3,2024-02-26,27
1,3,2024-02-27,50
1,3,2024-02-28,42
1,3,2024-02-29,31
1,3,2024-03-01,38
1,3,2024-03-02,76
1,3,2024-03-03,32
1,3,2024-03-04,32
1,3,2024-03-05,50
1,3,2024-03-06,57
1,3,2024-03-07,55
1,3,2024-03-08,65
1,3,2024-03-09,65
1,3,2024-03-10,50
1,3,2024-03-11,25
1,3,2024-03-12,30
1,3,2024-03-13,25
1,3,2024-03-14,42
1,3,2024-03-15,40
1,3,2024-03-16,51
1,3,2024-03-17,26
1,3,2024-03-18,23
1,3,2024-03-19,42
1,3,2024-03-20,68
1,3,2024-03-21,62
1,3,2024-03-22,59
1,3,2024-03-23,48
1,3,2024-03-24,35
1,3,2024-03-25,48
1,3,2024-03-26,18
1,3,2024-03-27,16
1,3,2024-03-28,57
1,3,2024-03-29,36
1,3,2024-03-30,48
1,3,2024-03-31,61
1,3,2024-04-01,37
1,4,2024-01-01,79
1,4,2024-01-02,47
1,4,2024-01-03,47
1,4,2024-01-04,55
1,4,2024-01-05,51
1,4,2024-01-06,58
1,4,2024-01-07,75
1,4,2024-01-08,32
1,4,2024-01-09,20
1,4,2024-01-10,72
1,4,2024-01-11,75
1,4,2024-01-12,69
1,4,2024-01-13,32
1,4,2024-01-14,20
1,4,2024-01-15,29
1,4,2024-01-16,69
1,4,2024-01-17,51
1,4,2024-01-18,41
1,4,2024-01-19,33
1,4,2024-01-20,30
1,4,2024-01-21,76
1,4,2024-01-22,72
1,4,2024-01-23,48
1,4,2024-01-24,31
1,4,2024-01-25,48
1,4,2024-01-26,68
1,4,2024-01-27,44
1,4,2024-01-28,44
1,4,2024-01-29,56
1,4,2024-01-30,55
1,4,2024-01-31,69
1,4,2024-02-01,59
1,4,2024-02-02,31
1,4,2024-02-03,36
1,4,2024-02-04,40
1,4,2024-02-05,22
1,4,2024-02-06,60
1,4,2024-02-07,42
1,4,2024-02-08,71
1,4,2024-02-09,65
1,4,2024-02-10,63
1,4,2024-02-11,22
1,4,2024-02-12,28
1,4,2024-02-13,37
1,4,2024-02-14,26
1,4,2024-02-15,73
1,4,2024-02-16,50
1,4,2024-02-17,41
1,4,2024-02-18,77
1,4,2024-02-19,37
1,4,2024-02-20,45
1,4,2024-02-21,24
1,4,2024-02-22,35
1,4,2024-02-23,16
1,4,2024-02-24,70
1,4,2024-02-25,52
1,4,2024-02-26,48
1,4,2024-02-27,68
1,4,2024-02-28,30
1,4,2024-02-29,78
1,4,2024-03-01,73
1,4,2024-03-02,17
1,4,2024-03-03,50
1,4,2024-03-04,74
1,4,2024-03-05,54
1,4,2024-03-06,77
1,4,2024-03-07,50
1,4,2024-03-08,24
1,4,2024-03-09,74
1,4,2024-03-10,65
1,4,2024-03-11,68
1,4,2024-03-12,16
1,4,2024-03-13,57
1,4,2024-03-14,44
1,4,2024-03-15,65
1,4,2024-03-16,68
1,4,2024-03-17,31
1,4,2024-03-18,53
1,4,2024-03-19,70
1,4,2024-03-20,61
1,4,2024-03-21,65
1,4,2024-03-22,26
1,4,2024-03-23,72
1,4,2024-03-24,44
1,4,2024-03-25,64
1,4,2024-03-26,37
1,4,2024-03-27,45
1,4,2024-03-28,41
1,4,2024-03-29,74
1,4,2024-03-30,60
1,4,2024-03-31,64
1,4,2024-04-01,68
1,5,2024-01-01,27
1,5,2024-01-02,27
1,5,2024-01-03,76
1,5,2024-01-04,68
1,5,2024-01-05,52
1,5,2024-01-06,38
1,5,2024-01-07,28
1,5,2024-01-08,40
1,5,2024-01-09,28
1,5,2024-01-10,64
1,5,2024-01-11,66
1,5,2024-01-12,50
1,5,2024-01-13,61
1,5,2024-01-14,52
1,5,2024-01-15,77
1,5,2024-01-16,44
1,5,2024-01-17,32
1,5,2024-01-18,20
1,5,2024-01-19,69
1,5,2024-01-20,56
1,5,2024-01-21,22
1,5,2024-01-22,20
1,5,2024-01-23,48
1,5,2024-01-24,77
1,5,2024-01-25,25
1,5,2024-01-26,29
1,5,2024-01-27,23
1,5,2024-01-28,23
1,5,2024-01-29,71
1,5,2024-01-30,29
1,5,2024-01-31,65
1,5,2024-02-01,74
1,5,2024-02-02,35
1,5,2024-02-03,29
1,5,2024-02-04,31
1,5,2024-02-05,36
1,5,2024-02-06,63
1,5,2024-02-07,37
1,5,2024-02-08,51
1,5,2024-02-09,32
1,5,2024-02-10,76
1,5,2024-02-11,62
1,5,2024-02-12,21
1,5,2024-02-13,41
1,5,2024-02-14,67
1,5,2024-02-15,62
1,5,2024-02-16,47
1,5,2024-02-17,73
1,5,2024-02-18,72
1,5,2024-02-19,61
1,5,2024-02-20,62
1,5,2024-02-21,44
1,5,2024-02-22,49
1,5,2024-02-23,24
1,5,2024-02-24,68
1,5,2024-02-25,58
1,5,2024-02-26,71
1,5,2024-02-27,75
1,5,2024-02-28,68
1,5,2024-02-29,63
1,5,2024-03-01,74
1,5,2024-03-02,45
1,5,2024-03-03,76
1,5,2024-03-04,25
1,5,2024-03-05,60
1,5,2024-03-06,54
1,5,2024-03-07,54
1,5,2024-03-08,56
1,5,2024-03-09,48
1,5,2024-03-10,22
1,5,2024-03-11,42
1,5,2024-03-12,39
1,5,2024-03-13,58
1,5,2024-03-14,54
1,5,2024-03-15,45
1,5,2024-03-16,39
1,5,2024-03-17,62
1,5,2024-03-18,41
1,5,2024-03-19,40
1,5,2024-03-20,64
1,5,2024-03-21,43
1,5,2024-03-22,43
1,5,2024-03-23,34
1,5,2024-03-24,17
1,5,2024-03-25,53
1,5,2024-03-26,55
1,5,2024-03-27,61
1,5,2024-03-28,58
1,5,2024-03-29,39
1,5,2024-03-30,46
1,5,2024-03-31,62
1,5,2024-04-01,35
1,6,2024-01-01,32
1,6,2024-01-02,38
1,6,2024-01-03,69
1,6,2024-01-04,37
1,6,2024-01-05,20
1,6,2024-01-06,21
1,6,2024-01-07,59
1,6,2024-01-08,62
1,6,2024-01-09,42
1,6,2024-01-10,29
1,6,2024-01-11,30
1,6,2024-01-12,79
1,6,2024-01-13,70
1,6,2024-01-14,72
1,6,2024-01-15,38
1,6,2024-01-16,79
1,6,2024-01-17,26
1,6,2024-01-18,63
1,6,2024-01-19,44
1,6,2024-01-20,61
1,6,2024-01-21,65
1,6,2024-01-22,43
1,6,2024-01-23,32
1,6,2024-01-24,67
1,6,2024-01-25,48
1,6,2024-01-26,59
1,6,2024-01-27,31
1,6,2024-01-28,64
1,6,2024-01-29,30
1,6,2024-01-30,27
1,6,2024-01-31,72
1,6,2024-02-01,23
1,6,2024-02-02,56
1,6,2024-02-03,22
1,6,2024-02-04,66
1,6,2024-02-05,36
1,6,2024-02-06,35
1,6,2024-02-07,55
1,6,2024-02-08,65
1,6,2024-02-09,17
1,6,2024-02-10,49
1,6,2024-02-11,19
1,6,2024-02-12,42
1,6,2024-02-13,64
1,6,2024-02-14,38
1,6,2024-02-15,50
1,6,2024-02-16,61
1,6,2024-02-17,34
1,6,2024-02-18,44
1,6,2024-02-19,23
1,6,2024-02-20,66
1,6,2024-02-21,27
1,6,2024-02-22,40
1,6,2024-02-23,46
1,6,2024-02-24,64
1,6,2024-02-25,59
1,6,2024-02-26,56
1,6,2024-02-27,23
1,6,2024-02-28,18
1,6,2024-02-29,74
1,6,2024-03-01,78
1,6,2024-03-02,40
1,6,2024-03-03,19
1,6,2024-03-04,65
1,6,2024-03-05,58
1,6,2024-03-06,23
1,6,2024-03-07,19
1,6,2024-03-08,22
1,6,2024-03-09,42
1,6,2024-03-10,64
1,6,2024-03-11,72
1,6,2024-03-12,75
1,6,2024-03-13,23
1,6,2024-03-14,43
1,6,2024-03-15,19
1,6,2024-03-16,16
1,6,2024-03-17,50
1,6,2024-03-18,18
1,6,2024-03-19,26
1,6,2024-03-20,41
1,6,2024-03-21,38
1,6,2024-03-22,52
1,6,2024-03-23,48
1,6,2024-03-24,59
1,6,2024-03-25,31
1,6,2024-03-26,53
1,6,2024-03-27,27
1,6,2024-03-28,72
1,6,2024-03-29,42
1,6,2024-03-30,68
1,6,2024-03-31,21
1,6,2024-04-01,58
1,7,2024-01-01,49
1,7,2024-01-02,75
1,7,2024-01-03,54
1,7,2024-01-04,78
1,7,2024-01-05,74
1,7,2024-01-06,33
1,7,2024-01-07,34
1,7,2024-01-08,40
1,7,2024-01-09,37
1,7,2024-01-10,51
1,7,2024-01-11,52
1,7,2024-01-12,64
1,7,2024-01-13,33
1,7,2024-01-14,42
1,7,2024-01-15,50
1,7,2024-01-16,76
1,7,2024-01-17,23
1,7,2024-01-18,58
1,7,2024-01-19,31
1,7,2024-01-20,24
1,7,2024-01-21,38
1,7,2024-01-22,56
1,7,2024-01-23,45
1,7,2024-01-24,49
1,7,2024-01-25,56
1,7,2024-01-26,25
1,7,2024-01-27,70
1,7,2024-01-28,35
1,7,2024-01-29,41
1,7,2024-01-30,35
1,7,2024-01-31,74
1,7,2024-02-01,64
1,7,2024-02-02,51
1,7,2024-02-03,77
1,7,2024-02-04,43
1,7,2024-02-05,58
1,7,2024-02-06,42
1,7,2024-02-07,72
1,7,2024-02-08,38
1,7,2024-02-09,54
1,7,2024-02-10,72
1,7,2024-02-11,32
1,7,2024-02-12,70
1,7,2024-02-13,27
1,7,2024-02-14,21
1,7,2024-02-15,74
1,7,2024-02-16,29
1,7,2024-02-17,24
1,7,2024-02-18,78
1,7,2024-02-19,78
1,7,2024-02-20,50
1,7,2024-02-21,63
1,7,2024-02-22,27
1,7,2024-02-23,71
1,7,2024-02-24,60
1,7,2024-02-25,43
1,7,2024-02-26,41
1,7,2024-02-27,36
1,7,2024-02-28,25
1,7,2024-02-29,65
1,7,2024-03-01,52
1,7,2024-03-02,26
1,7,2024-03-03,35
1,7,2024-03-04,44
1,7,2024-03-05,49
1,7,2024-03-06,34
1,7,2024-03-07,35
1,7,2024-03-08,70
1,7,2024-03-09,75
1,7,2024-03-10,53
1,7,2024-03-11,75
1,7,2024-03-12,23
1,7,2024-03-13,57
1,7,2024-03-14,46
1,7,2024-03-15,56
1,7,2024-03-16,25
1,7,2024-03-17,34
1,7,2024-03-18,13
1,7,2024-03-19,22
1,7,2024-03-20,56
1,7,2024-03-21,15
1,7,2024-03-22,59
1,7,2024-03-23,69
1,7,2024-03-24,59
1,7,2024-03-25,58
1,7,2024-03-26,59
1,7,2024-03-27,20
1,7,2024-03-28,17
1,7,2024-03-29,49
1,7,2024-03-30,35
1,7,2024-03-31,53
1,7,2024-04-01,23
1,8,2024-01-01,25
1,8,2024-01-02,39
1,8,2024-01-03,62
1,8,2024-01-04,67
1,8,2024-01-05,44
1,8,2024-01-06,70
1,8,2024-01-07,21
1,8,2024-01-08,40
1,8,2024-01-09,25
1,8,2024-01-10,57
1,8,2024-01-11,21
1,8,2024-01-12,55
1,8,2024-01-13,69
1,8,2024-01-14,40
1,8,2024-01-15,37
1,8,2024-01-16,33
1,8,2024-01-17,71
1,8,2024-01-18,29
1,8,2024-01-19,51
1,8,2024-01-20,72
1,8,2024-01-21,26
1,8,2024-01-22,44
1,8,2024-01-23,61
1,8,2024-01-24,32
1,8,2024-01-25,65
1,8,2024-01-26,21
1,8,2024-01-27,76
1,8,2024-01-28,60
1,8,2024-01-29,63
1,8,2024-01-30,65
1,8,2024-01-31,28
1,8,2024-02-01,33
1,8,2024-02-02,40
1,8,2024-02-03,77
1,8,2024-02-04,46
1,8,2024-02-05,72
1,8,2024-02-06,61
1,8,2024-02-07,76
1,8,2024-02-08,32
1,8,2024-02-09,41
1,8,2024-02-10,58
1,8,2024-02-11,61
1,8,2024-02-12,68
1,8,2024-02-13,69
1,8,2024-02-14,75
1,8,2024-02-15,31
1,8,2024-02-16,68
1,8,2024-02-17,20
1,8,2024-02-18,25
1,8,2024-02-19,76
1,8,2024-02-20,22
1,8,2024-02-21,20
1,8,2024-02-22,65
1,8,2024-02-23,20
1,8,2024-02-24,50
1,8,2024-02-25,21
1,8,2024-02-26,51
1,8,2024-02-27,72
1,8,2024-02-28,52
1,8,2024-02-29,53
1,8,2024-03-01,32
1,8,2024-03-02,17
1,8,2024-03-03,54
1,8,2024-03-04,43
1,8,2024-03-05,52
1,8,2024-03-06,24
1,8,2024-03-07,64
1,8,2024-03-08,19
1,8,2024-03-09,70
1,8,2024-03-10,79
1,8,2024-03-11,35
1,8,2024-03-12,69
1,8,2024-03-13,64
1,8,2024-03-14,48
1,8,2024-03-15,17
1,8,2024-03-16,25
1,8,2024-03-17,46
1,8,2024-03-18,56
1,8,2024-03-19,73
1,8,2024-03-20,25
1,8,2024-03-21,35
1,8,2024-03-22,59
1,8,2024-03-23,78
1,8,2024-03-24,31
1,8,2024-03-25,19
1,8,2024-03-26,38
1,8,2024-03-27,49
1,8,2024-03-28,71
1,8,2024-03-29,75
1,8,2024-03-30,53
1,8,2024-03-31,51
1,8,2024-04-01,31
1,9,2024-01-01,59
1,9,2024-01-02,63
1,9,2024-01-03,23
1,9,2024-01-04,59
1,9,2024-01-05,67
1,9,2024-01-06,34
1,9,2024-01-07,23
1,9,2024-01-08,79
1,9,2024-01-09,34
1,9,2024-01-10,63
1,9,2024-01-11,33
1,9,2024-01-12,60
1,9,2024-01-13,48
1,9,2024-01-14,45
1,9,2024-01-15,45
1,9,2024-01-16,25
1,9,2024-01-17,35
1,9,2024-01-18,68
1,9,2024-01-19,46
1,9,2024-01-20,43
1,9,2024-01-21,29
1,9,2024-01-22,54
1,9,2024-01-23,77
1,9,2024-01-24,61
1,9,2024-01-25,19
1,9,2024-01-26,52
1,9,2024-01-27,70
1,9,2024-01-28,71
1,9,2024-01-29,25
1,9,2024-01-30,28
1,9,2024-01-31,27
1,9,2024-02-01,62
1,9,2024-02-02,59
1,9,2024-02-03,44
1,9,2024-02-04,53
1,9,2024-02-05,24
1,9,2024-02-06,41
1,9,2024-02-07,72
1,9,2024-02-08,75
1,9,2024-02-09,67
1,9,2024-02-10,56
1,9,2024-02-11,36
1,9,2024-02-12,68
1,9,2024-02-13,46
1,9,2024-02-14,76
1,9,2024-02-15,64
1,9,2024-02-16,33
1,9,2024-02-17,69
1,9,2024-02-18,45
1,9,2024-02-19,72
1,9,2024-02-20,18
1,9,2024-02-21,72
1,9,2024-02-22,41
1,9,2024-02-23,74
1,9,2024-02-24,64
1,9,2024-02-25,33
1,9,2024-02-26,21
1,9,2024-02-27,68
1,9,2024-02-28,72
1,9,2024-02-29,18
1,9,2024-03-01,19
1,9,2024-03-02,38
1,9,2024-03-03,59
1,9,2024-03-04,50
1,9,2024-03-05,78
1,9,2024-03-06,28
1,9,2024-03-07,60
1,9,2024-03-08,68
1,9,2024-03-09,66
1,9,2024-03-10,33
1,9,2024-03-11,18
1,9,2024-03-12,73
1,9,2024-03-13,54
1,9,2024-03-14,45
1,9,2024-03-15,47
1,9,2024-03-16,77
1,9,2024-03-17,28
1,9,2024-03-18,54
1,9,2024-03-19,46
1,9,2024-03-20,51
1,9,2024-03-21,46
1,9,2024-03-22,36
1,9,2024-03-23,19
1,9,2024-03-24,22
1,9,2024-03-25,44
1,9,2024-03-26,52
1,9,2024-03-27,22
1,9,2024-03-28,62
1,9,2024-03-29,31
1,9,2024-03-30,20
1,9,2024-03-31,49
1,9,2024-04-01,47
1,10,2024-01-01,58
1,10,2024-01-02,34
1,10,2024-01-03,50
1,10,2024-01-04,46
1,10,2024-01-05,66
1,10,2024-01-06,75
1,10,2024-01-07,42
1,10,2024-01-08,60
1,10,2024-01-09,21
1,10,2024-01-10,68
1,10,2024-01-11,66
1,10,2024-01-12,26
1,10,2024-01-13,45
1,10,2024-01-14,70
1,10,2024-01-15,50
1,10,2024-01-16,47
1,10,2024-01-17,50
1,10,2024-01-18,63
1,10,2024-01-19,75
1,10,2024-01-20,25
1,10,2024-01-21,51
1,10,2024-01-22,51
1,10,2024-01-23,49
1,10,2024-01-24,45
1,10,2024-01-25,75
1,10,2024-01-26,77
1,10,2024-01-27,28
1,10,2024-01-28,62
1,10,2024-01-29,52
1,10,2024-01-30,54
1,10,2024-01-31,69
1,10,2024-02-01,30
1,10,2024-02-02,43
1,10,2024-02-03,79
1,10,2024-02-04,33
1,10,2024-02-05,46
1,10,2024-02-06,53
1,10,2024-02-07,53
1,10,2024-02-08,75
1,10,2024-02-09,57
1,10,2024-02-10,61
1,10,2024-02-11,40
1,10,2024-02-12,19
1,10,2024-02-13,22
1,10,2024-02-14,64
1,10,2024-02-15,61
1,10,2024-02-16,42
1,10,2024-02-17,74
1,10,2024-02-18,68
1,10,2024-02-19,67
1,10,2024-02-20,58
1,10,2024-02-21,26
1,10,2024-02-22,45
1,10,2024-02-23,76
1,10,2024-02-24,43
1,10,2024-02-25,30
1,10,2024-02-26,53
1,10,2024-02-27,29
1,10,2024-02-28,28
1,10,2024-02-29,45
1,10,2024-03-01,43
1,10,2024-03-02,44
1,10,2024-03-03,46
1,10,2024-03-04,47
1,10,2024-03-05,69
1,10,2024-03-06,61
1,10,2024-03-07,47
1,10,2024-03-08,19
1,10,2024-03-09,53
1,10,2024-03-10,58
1,10,2024-03-11,62
1,10,2024-03-12,30
1,10,2024-03-13,40
1,10,2024-03-14,59
1,10,2024-03-15,41
1,10,2024-03-16,20
1,10,2024-03-17,73
1,10,2024-03-18,44
1,10,2024-03-19,69
1,10,2024-03-20,35
1,10,2024-03-21,25
1,10,2024-03-22,27
1,10,2024-03-23,49
1,10,2024-03-24,73
1,10,2024-03-25,57
1,10,2024-03-26,50
1,10,2024-03-27,53
1,10,2024-03-28,72
1,10,2024-03-29,58
1,10,2024-03-30,50
1,10,2024-03-31,41
1,10,2024-04-01,20
2,1,2024-01-01,49
2,1,2024-01-02,38
2,1,2024-01-03,57
2,1,2024-01-04,57
2,1,2024-01-05,34
2,1,2024-01-06,71
2,1,2024-01-07,40
2,1,2024-01-08,56
2,1,2024-01-09,53
2,1,2024-01-10,25
2,1,2024-01-11,28
2,1,2024-01-12,40
2,1,2024-01-13,41
2,1,2024-01-14,59
2,1,2024-01-15,50
2,1,2024-01-16,47
2,1,2024-01-17,49
2,1,2024-01-18,24
2,1,2024-01-19,47
2,1,2024-01-20,39
2,1,2024-01-21,57
2,1,2024-01-22,73
2,1,2024-01-23,51
2,1,2024-01-24,44
2,1,2024-01-25,38
2,1,2024-01-26,20
2,1,2024-01-27,54
2,1,2024-01-28,73
2,1,2024-01-29,30
2,1,2024-01-30,78
2,1,2024-01-31,54
2,1,2024-02-01,42
2,1,2024-02-02,66
2,1,2024-02-03,54
2,1,2024-02-04,18
2,1,2024-02-05,40
2,1,2024-02-06,21
2,1,2024-02-07,79
2,1,2024-02-08,24
2,1,2024-02-09,78
2,1,2024-02-10,64
2,1,2024-02-11,80
2,1,2024-02-12,78
2,1,2024-02-13,37
2,1,2024-02-14,26
2,1,2024-02-15,67
2,1,2024-02-16,47
2,1,2024-02-17,25
2,1,2024-02-18,76
2,1,2024-02-19,76
2,1,2024-02-20,64
2,1,2024-02-21,41
2,1,2024-02-22,40
2,1,2024-02-23,47
2,1,2024-02-24,54
2,1,2024-02-25,56
2,1,2024-02-26,27
2,1,2024-02-27,52
2,1,2024-02-28,20
2,1,2024-02-29,71
2,1,2024-03-01,26
2,1,2024-03-02,54
2,1,2024-03-03,80
2,1,2024-03-04,68
2,1,2024-03-05,38
2,1,2024-03-06,74
2,1,2024-03-07,39
2,1,2024-03-08,36
2,1,2024-03-09,65
2,1,2024-03-10,23
2,1,2024-03-11,51
2,1,2024-03-12,50
2,1,2024-03-13,46
2,1,2024-03-14,24
2,1,2024-03-15,56
2,1,2024-03-16,22
2,1,2024-03-17,66
2,1,2024-03-18,35
2,1,2024-03-19,45
2,1,2024-03-20,42
2,1,2024-03-21,15
2,1,2024-03-22,12
2,1,2024-03-23,74
2,1,2024-03-24,48
2,1,2024-03-25,35
2,1,2024-03-26,67
2,1,2024-03-27,19
2,1,2024-03-28,13
2,1,2024-03-29,60
2,1,2024-03-30,53
2,1,2024-03-31,16
2,1,2024-04-01,36
2,2,2024-01-01,37
2,2,2024-01-02,58
2,2,2024-01-03,65
2,2,2024-01-04,59
2,2,2024-01-05,30
2,2,2024-01-06,53
2,2,2024-01-07,80
2,2,2024-01-08,48
2,2,2024-01-09,54
2,2,2024-01-10,72
2,2,2024-01-11,76
2,2,2024-01-12,51
2,2,2024-01-13,42
2,2,2024-01-14,60
2,2,2024-01-15,49
2,2,2024-01-16,22
2,2,2024-01-17,59
2,2,2024-01-18,33
2,2,2024-01-19,60
2,2,2024-01-20,18
2,2,2024-01-21,69
2,2,2024-01-22,28
2,2,2024-01-23,57
2,2,2024-01-24,32
2,2,2024-01-25,19
2,2,2024-01-26,27
2,2,2024-01-27,26
2,2,2024-01-28,66
2,2,2024-01-29,76
2,2,2024-01-30,27
2,2,2024-01-31,41
2,2,2024-02-01,59
2,2,2024-02-02,18
2,2,2024-02-03,24
2,2,2024-02-04,58
2,2,2024-02-05,52
2,2,2024-02-06,44
2,2,2024-02-07,72
2,2,2024-02-08,58
2,2,2024-02-09,22
2,2,2024-02-10,49
2,2,2024-02-11,37
2,2,2024-02-12,30
2,2,2024-02-13,55
2,2,2024-02-14,67
2,2,2024-02-15,20
2,2,2024-02-16,43
2,2,2024-02-17,61
2,2,2024-02-18,58
2,2,2024-02-19,53
2,2,2024-02-20,38
2,2,2024-02-21,29
2,2,2024-02-22,28
2,2,2024-02-23,25
2,2,2024-02-24,32
2,2,2024-02-25,73
2,2,2024-02-26,31
2,2,2024-02-27,42
2,2,2024-02-28,55
2,2,2024-02-29,31
2,2,2024-03-01,68
2,2,2024-03-02,25
2,2,2024-03-03,56
2,2,2024-03-04,54
2,2,2024-03-05,14
2,2,2024-03-06,41
2,2,2024-03-07,27
2,2,2024-03-08,70
2,2,2024-03-09,21
2,2,2024-03-10,17
2,2,2024-03-11,68
2,2,2024-03-12,76
2,2,2024-03-13,47
2,2,2024-03-14,56
2,2,2024-03-15,27
2,2,2024-03-16,20
2,2,2024-03-17,74
2,2,2024-03-18,26
2,2,2024-03-19,66
2,2,2024-03-20,33
2,2,2024-03-21,59
2,2,2024-03-22,27
2,2,2024-03-23,68
2,2,2024-03-24,37
2,2,2024-03-25,54
2,2,2024-03-26,58
2,2,2024-03-27,43
2,2,2024-03-28,22
2,2,2024-03-29,27
2,2,2024-03-30,55
2,2,2024-03-31,54
2,2,2024-04-01,56
2,3,2024-01-01,48
2,3,2024-01-02,43
2,3,2024-01-03,35
2,3,2024-01-04,50
2,3,2024-01-05,80
2,3,2024-01-06,70
2,3,2024-01-07,67
2,3,2024-01-08,60
2,3,2024-01-09,37
2,3,2024-01-10,20
2,3,2024-01-11,64
2,3,2024-01-12,71
2,3,2024-01-13,40
2,3,2024-01-14,50
2,3,2024-01-15,76
2,3,2024-01-16,69
2,3,2024-01-17,64
2,3,2024-01-18,24
2,3,2024-01-19,70
2,3,2024-01-20,60
2,3,2024-01-21,68
2,3,2024-01-22,37
2,3,2024-01-23,39
2,3,2024-01-24,45
2,3,2024-01-25,77
2,3,2024-01-26,62
2,3,2024-01-27,55
2,3,2024-01-28,43
2,3,2024-01-29,76
2,3,2024-01-30,45
2,3,2024-01-31,63
2,3,2024-02-01,69
2,3,2024-02-02,78
2,3,2024-02-03,49
2,3,2024-02-04,33
2,3,2024-02-05,22
2,3,2024-02-06,66
2,3,2024-02-07,44
2,3,2024-02-08,51
2,3,2024-02-09,76
2,3,2024-02-10,51
2,3,2024-02-11,69
2,3,2024-02-12,32
2,3,2024-02-13,43
2,3,2024-02-14,61
2,3,2024-02-15,38
2,3,2024-02-16,34
2,3,2024-02-17,77
2,3,2024-02-18,42
2,3,2024-02-19,34
2,3,2024-02-20,34
2,3,2024-02-21,40
2,3,2024-02-22,66
2,3,2024-02-23,20
2,3,2024-02-24,36
2,3,2024-02-25,42
2,3,2024-02-26,61
2,3,2024-02-27,45
2,3,2024-02-28,72
2,3,2024-02-29,52
2,3,2024-03-01,53
2,3,2024-03-02,61
2,3,2024-03-03,71
2,3,2024-03-04,46
2,3,2024-03-05,36
2,3,2024-03-06,76
2,3,2024-03-07,67
2,3,2024-03-08,48
2,3,2024-03-09,29
2,3,2024-03-10,58
2,3,2024-03-11,67
2,3,2024-03-12,69
2,3,2024-03-13,36
2,3,2024-03-14,48
2,3,2024-03-15,28
2,3,2024-03-16,69
2,3,2024-03-17,35
2,3,2024-03-18,52
2,3,2024-03-19,64
2,3,2024-03-20,71
2,3,2024-03-21,27
2,3,2024-03-22,55
2,3,2024-03-23,71
2,3,2024-03-24,69
2,3,2024-03-25,36
2,3,2024-03-26,56
2,3,2024-03-27,50
2,3,2024-03-28,72
2,3,2024-03-29,38
2,3,2024-03-30,50
2,3,2024-03-31,9
2,3,2024-04-01,74
2,4,2024-01-01,46
2,4,2024-01-02,73
2,4,2024-01-03,51
2,4,2024-01-04,33
2,4,2024-01-05,47
2,4,2024-01-06,45
2,4,2024-01-07,73
2,4,2024-01-08,39
2,4,2024-01-09,53
2,4,2024-01-10,40
2,4,2024-01-11,35
2,4,2024-01-12,29
2,4,2024-01-13,21
2,4,2024-01-14,75
2,4,2024-01-15,62
2,4,2024-01-16,71
2,4,2024-01-17,47
2,4,2024-01-18,47
2,4,2024-01-19,43
2,4,2024-01-20,50
2,4,2024-01-21,50
2,4,2024-01-22,18
2,4,2024-01-23,78
2,4,2024-01-24,52
2,4,2024-01-25,76
2,4,2024-01-26,57
2,4,2024-01-27,38
2,4,2024-01-28,35
2,4,2024-01-29,29
2,4,2024-01-30,69
2,4,2024-01-31,75
2,4,2024-02-01,60
2,4,2024-02-02,46
2,4,2024-02-03,68
2,4,2024-02-04,71
2,4,2024-02-05,57
2,4,2024-02-06,55
2,4,2024-02-07,33
2,4,2024-02-08,59
2,4,2024-02-09,72
2,4,2024-02-10,61
2,4,2024-02-11,35
2,4,2024-02-12,38
2,4,2024-02-13,34
2,4,2024-02-14,75
2,4,2024-02-15,64
2,4,2024-02-16,46
2,4,2024-02-17,58
2,4,2024-02-18,62
2,4,2024-02-19,39
2,4,2024-02-20,75
2,4,2024-02-21,54
2,4,2024-02-22,19
2,4,2024-02-23,40
2,4,2024-02-24,20
2,4,2024-02-25,67
2,4,2024-02-26,64
2,4,2024-02-27,69
2,4,2024-02-28,36
2,4,2024-02-29,40
2,4,2024-03-01,68
2,4,2024-03-02,22
2,4,2024-03-03,41
2,4,2024-03-04,64
2,4,2024-03-05,17
2,4,2024-03-06,57
2,4,2024-03-07,25
2,4,2024-03-08,49
2,4,2024-03-09,32
2,4,2024-03-10,38
2,4,2024-03-11,48
2,4,2024-03-12,24
2,4,2024-03-13,65
2,4,2024-03-14,66
2,4,2024-03-15,18
2,4,2024-03-16,20
2,4,2024-03-17,45
2,4,2024-03-18,28
2,4,2024-03-19,33
2,4,2024-03-20,28
2,4,2024-03-21,72
2,4,2024-03-22,67
2,4,2024-03-23,53
2,4,2024-03-24,64
2,4,2024-03-25,24
2,4,2024-03-26,52
2,4,2024-03-27,17
2,4,2024-03-28,55
2,4,2024-03-29,42
2,4,2024-03-30,40
2,4,2024-03-31,11
2,4,2024-04-01,78
2,5,2024-01-01,67
2,5,2024-01-02,51
2,5,2024-01-03,78
2,5,2024-01-04,29
2,5,2024-01-05,73
2,5,2024-01-06,57
2,5,2024-01-07,40
2,5,2024-01-08,37
2,5,2024-01-09,60
2,5,2024-01-10,70
2,5,2024-01-11,79
2,5,2024-01-12,42
2,5,2024-01-13,62
2,5,2024-01-14,59
2,5,2024-01-15,63
2,5,2024-01-16,16
2,5,2024-01-17,34
2,5,2024-01-18,52
2,5,2024-01-19,78
2,5,2024-01-20,21
2,5,2024-01-21,24
2,5,2024-01-22,45
2,5,2024-01-23,28
2,5,2024-01-24,40
2,5,2024-01-25,54
2,5,2024-01-26,41
2,5,2024-01-27,25
2,5,2024-01-28,40
2,5,2024-01-29,21
2,5,2024-01-30,62
2,5,2024-01-31,27
2,5,2024-02-01,64
2,5,2024-02-02,64
2,5,2024-02-03,59
2,5,2024-02-04,18
2,5,2024-02-05,39
2,5,2024-02-06,39
2,5,2024-02-07,21
2,5,2024-02-08,59
2,5,2024-02-09,30
2,5,2024-02-10,54
2,5,2024-02-11,26
2,5,2024-02-12,37
2,5,2024-02-13,31
2,5,2024-02-14,39
2,5,2024-02-15,33
2,5,2024-02-16,73
2,5,2024-02-17,23
2,5,2024-02-18,25
2,5,2024-02-19,73
2,5,2024-02-20,45
2,5,2024-02-21,58
2,5,2024-02-22,34
2,5,2024-02-23,65
2,5,2024-02-24,61
2,5,2024-02-25,62
2,5,2024-02-26,63
2,5,2024-02-27,59
2,5,2024-02-28,27
2,5,2024-02-29,68
2,5,2024-03-01,29
2,5,2024-03-02,67
2,5,2024-03-03,48
2,5,2024-03-04,54
2,5,2024-03-05,73
2,5,2024-03-06,72
2,5,2024-03-07,62
2,5,2024-03-08,30
2,5,2024-03-09,29
2,5,2024-03-10,19
2,5,2024-03-11,70
2,5,2024-03-12,65
2,5,2024-03-13,64
2,5,2024-03-14,73
2,5,2024-03-15,25
2,5,2024-03-16,23
2,5,2024-03-17,27
2,5,2024-03-18,30
2,5,2024-03-19,54
2,5,2024-03-20,39
2,5,2024-03-21,54
2,5,2024-03-22,17
2,5,2024-03-23,32
2,5,2024-03-24,70
2,5,2024-03-25,24
2,5,2024-03-26,37
2,5,2024-03-27,35
2,5,2024-03-28,26
2,5,2024-03-29,67
2,5,2024-03-30,41
2,5,2024-03-31,57
2,5,2024-04-01,36
2,6,2024-01-01,29
2,6,2024-01-02,55
2,6,2024-01-03,47
2,6,2024-01-04,73
2,6,2024-01-05,63
2,6,2024-01-06,43
2,6,2024-01-07,77
2,6,2024-01-08,31
2,6,2024-01-09,71
2,6,2024-01-10,62
2,6,2024-01-11,42
2,6,2024-01-12,27
2,6,2024-01-13,62
2,6,2024-01-14,21
2,6,2024-01-15,53
2,6,2024-01-16,42
2,6,2024-01-17,50
2,6,2024-01-18,34
2,6,2024-01-19,52
2,6,2024-01-20,32
2,6,2024-01-21,54
2,6,2024-01-22,64
2,6,2024-01-23,63
2,6,2024-01-24,41
2,6,2024-01-25,41
2,6,2024-01-26,38
2,6,2024-01-27,41
2,6,2024-01-28,25
2,6,2024-01-29,35
2,6,2024-01-30,57
2,6,2024-01-31,68
2,6,2024-02-01,47
2,6,2024-02-02,22
2,6,2024-02-03,70
2,6,2024-02-04,56
2,6,2024-02-05,71
2,6,2024-02-06,77
2,6,2024-02-07,59
2,6,2024-02-08,23
2,6,2024-02-09,55
2,6,2024-02-10,33
2,6,2024-02-11,39
2,6,2024-02-12,24
2,6,2024-02-13,25
2,6,2024-02-14,50
2,6,2024-02-15,61
2,6,2024-02-16,76
2,6,2024-02-17,75
2,6,2024-02-18,35
2,6,2024-02-19,40
2,6,2024-02-20,70
2,6,2024-02-21,40
2,6,2024-02-22,38
2,6,2024-02-23,66
2,6,2024-02-24,60
2,6,2024-02-25,32
2,6,2024-02-26,58
2,6,2024-02-27,49
2,6,2024-02-28,62
2,6,2024-02-29,20
2,6,2024-03-01,74
2,6,2024-03-02,65
2,6,2024-03-03,44
2,6,2024-03-04,26
2,6,2024-03-05,48
2,6,2024-03-06,26
2,6,2024-03-07,47
2,6,2024-03-08,67
2,6,2024-03-09,24
2,6,2024-03-10,37
2,6,2024-03-11,47
2,6,2024-03-12,26
2,6,2024-03-13,34
2,6,2024-03-14,46
2,6,2024-03-15,32
2,6,2024-03-16,41
2,6,2024-03-17,22
2,6,2024-03-18,67
2,6,2024-03-19,22
2,6,2024-03-20,72
2,6,2024-03-21,20
2,6,2024-03-22,56
2,6,2024-03-23,36
2,6,2024-03-24,64
2,6,2024-03-25,46
2,6,2024-03-26,32
2,6,2024-03-27,42
2,6,2024-03-28,59
2,6,2024-03-29,60
2,6,2024-03-30,57
2,6,2024-03-31,59
2,6,2024-04-01,67
2,7,2024-01-01,30
2,7,2024-01-02,68
2,7,2024-01-03,47
2,7,2024-01-04,36
2,7,2024-01-05,76
2,7,2024-01-06,26
2,7,2024-01-07,31
2,7,2024-01-08,68
2,7,2024-01-09,46
2,7,2024-01-10,21
2,7,2024-01-11,52
2,7,2024-01-12,36
2,7,2024-01-13,52
2,7,2024-01-14,27
2,7,2024-01-15,52
2,7,2024-01-16,70
2,7,2024-01-17,61
2,7,2024-01-18,48
2,7,2024-01-19,44
2,7,2024-01-20,29
2,7,2024-01-21,20
2,7,2024-01-22,56
2,7,2024-01-23,59
2,7,2024-01-24,79
2,7,2024-01-25,23
2,7,2024-01-26,47
2,7,2024-01-27,56
2,7,2024-01-28,31
2,7,2024-01-29,25
2,7,2024-01-30,56
2,7,2024-01-31,73
2,7,2024-02-01,46
2,7,2024-02-02,34
2,7,2024-02-03,21
2,7,2024-02-04,67
2,7,2024-02-05,73
2,7,2024-02-06,35
2,7,2024-02-07,78
2,7,2024-02-08,56
2,7,2024-02-09,57
2,7,2024-02-10,41
2,7,2024-02-11,79
2,7,2024-02-12,20
2,7,2024-02-13,47
2,7,2024-02-14,65
2,7,2024-02-15,49
2,7,2024-02-16,77
2,7,2024-02-17,21
2,7,2024-02-18,36
2,7,2024-02-19,38
2,7,2024-02-20,20
2,7,2024-02-21,61
2,7,2024-02-22,40
2,7,2024-02-23,62
2,7,2024-02-24,54
2,7,2024-02-25,72
2,7,2024-02-26,53
2,7,2024-02-27,49
2,7,2024-02-28,27
2,7,2024-02-29,77
2,7,2024-03-01,67
2,7,2024-03-02,27
2,7,2024-03-03,75
2,7,2024-03-04,62
2,7,2024-03-05,62
2,7,2024-03-06,64
2,7,2024-03-07,41
2,7,2024-03-08,44
2,7,2024-03-09,32
2,7,2024-03-10,58
2,7,2024-03-11,68
2,7,2024-03-12,21
2,7,2024-03-13,79
2,7,2024-03-14,27
2,7,2024-03-15,75
2,7,2024-03-16,62
2,7,2024-03-17,27
2,7,2024-03-18,33
2,7,2024-03-19,68
2,7,2024-03-20,29
2,7,2024-03-21,64
2,7,2024-03-22,61
2,7,2024-03-23,47
2,7,2024-03-24,63
2,7,2024-03-25,50
2,7,2024-03-26,44
2,7,2024-03-27,19
2,7,2024-03-28,32
2,7,2024-03-29,42
2,7,2024-03-30,31
2,7,2024-03-31,57
2,7,2024-04-01,79
2,8,2024-01-01,25
2,8,2024-01-02,62
2,8,2024-01-03,38
2,8,2024-01-04,60
2,8,2024-01-05,29
2,8,2024-01-06,23
2,8,2024-01-07,29
2,8,2024-01-08,43
2,8,2024-01-09,57
2,8,2024-01-10,72
2,8,2024-01-11,35
2,8,2024-01-12,45
2,8,2024-01-13,39
2,8,2024-01-14,43
2,8,2024-01-15,22
2,8,2024-01-16,73
2,8,2024-01-17,63
2,8,2024-01-18,29
2,8,2024-01-19,55
2,8,2024-01-20,31
2,8,2024-01-21,70
2,8,2024-01-22,65
2,8,2024-01-23,35
2,8,2024-01-24,26
2,8,2024-01-25,34
2,8,2024-01-26,35
2,8,2024-01-27,28
2,8,2024-01-28,49
2,8,2024-01-29,43
2,8,2024-01-30,69
2,8,2024-01-31,42
2,8,2024-02-01,47
2,8,2024-02-02,42
2,8,2024-02-03,47
2,8,2024-02-04,31
2,8,2024-02-05,58
2,8,2024-02-06,58
2,8,2024-02-07,24
2,8,2024-02-08,26
2,8,2024-02-09,64
2,8,2024-02-10,40
2,8,2024-02-11,37
2,8,2024-02-12,54
2,8,2024-02-13,21
2,8,2024-02-14,67
2,8,2024-02-15,38
2,8,2024-02-16,57
2,8,2024-02-17,33
2,8,2024-02-18,29
2,8,2024-02-19,76
2,8,2024-02-20,25
2,8,2024-02-21,52
2,8,2024-02-22,72
2,8,2024-02-23,62
2,8,2024-02-24,30
2,8,2024-02-25,61
2,8,2024-02-26,38
2,8,2024-02-27,32
2,8,2024-02-28,46
2,8,2024-02-29,74
2,8,2024-03-01,57
2,8,2024-03-02,40
2,8,2024-03-03,32
2,8,2024-03-04,77
2,8,2024-03-05,67
2,8,2024-03-06,20
2,8,2024-03-07,74
2,8,2024-03-08,18
2,8,2024-03-09,61
2,8,2024-03-10,58
2,8,2024-03-11,71
2,8,2024-03-12,27
2,8,2024-03-13,62
2,8,2024-03-14,52
2,8,2024-03-15,48
2,8,2024-03-16,46
2,8,2024-03-17,25
2,8,2024-03-18,54
2,8,2024-03-19,56
2,8,2024-03-20,23
2,8,2024-03-21,31
2,8,2024-03-22,17
2,8,2024-03-23,39
2,8,2024-03-24,25
2,8,2024-03-25,57
2,8,2024-03-26,50
2,8,2024-03-27,24
2,8,2024-03-28,71
2,8,2024-03-29,54
2,8,2024-03-30,74
2,8,2024-03-31,28
2,8,2024-04-01,58
2,9,2024-01-01,28
2,9,2024-01-02,44
2,9,2024-01-03,77
2,9,2024-01-04,70
2,9,2024-01-05,40
2,9,2024-01-06,71
2,9,2024-01-07,24
2,9,2024-01-08,78
2,9,2024-01-09,47
2,9,2024-01-10,31
2,9,2024-01-11,73
2,9,2024-01-12,30
2,9,2024-01-13,52
2,9,2024-01-14,27
2,9,2024-01-15,73
2,9,2024-01-16,46
2,9,2024-01-17,29
2,9,2024-01-18,62
2,9,2024-01-19,59
2,9,2024-01-20,25
2,9,2024-01-21,67
2,9,2024-01-22,21
2,9,2024-01-23,65
2,9,2024-01-24,50
2,9,2024-01-25,50
2,9,2024-01-26,34
2,9,2024-01-27,71
2,9,2024-01-28,58
2,9,2024-01-29,29
2,9,2024-01-30,29
2,9,2024-01-31,26
2,9,2024-02-01,56
2,9,2024-02-02,54
2,9,2024-02-03,35
2,9,2024-02-04,44
2,9,2024-02-05,56
2,9,2024-02-06,77
2,9,2024-02-07,23
2,9,2024-02-08,68
2,9,2024-02-09,40
2,9,2024-02-10,48
2,9,2024-02-11,32
2,9,2024-02-12,63
2,9,2024-02-13,49
2,9,2024-02-14,47
2,9,2024-02-15,68
2,9,2024-02-16,47
2,9,2024-02-17,26
2,9,2024-02-18,67
2,9,2024-02-19,17
2,9,2024-02-20,41
2,9,2024-02-21,26
2,9,2024-02-22,56
2,9,2024-02-23,46
2,9,2024-02-24,61
2,9,2024-02-25,48
2,9,2024-02-26,47
2,9,2024-02-27,19
2,9,2024-02-28,47
2,9,2024-02-29,61
2,9,2024-03-01,32
2,9,2024-03-02,39
2,9,2024-03-03,73
2,9,2024-03-04,57
2,9,2024-03-05,65
2,9,2024-03-06,57
2,9,2024-03-07,69
2,9,2024-03-08,65
2,9,2024-03-09,21
2,9,2024-03-10,40
2,9,2024-03-11,74
2,9,2024-03-12,28
2,9,2024-03-13,18
2,9,2024-03-14,32
2,9,2024-03-15,35
2,9,2024-03-16,36
2,9,2024-03-17,22
2,9,2024-03-18,15
2,9,2024-03-19,66
2,9,2024-03-20,25
2,9,2024-03-21,14
2,9,2024-03-22,20
2,9,2024-03-23,62
2,9,2024-03-24,55
2,9,2024-03-25,38
2,9,2024-03-26,61
2,9,2024-03-27,67
2,9,2024-03-28,45
2,9,2024-03-29,25
2,9,2024-03-30,51
2,9,2024-03-31,36
2,9,2024-04-01,55
2,10,2024-01-01,59
2,10,2024-01-02,22
2,10,2024-01-03,76
2,10,2024-01-04,33
2,10,2024-01-05,67
2,10,2024-01-06,80
2,10,2024-01-07,39
2,10,2024-01-08,60
2,10,2024-01-09,41
2,10,2024-01-10,75
2,10,2024-01-11,23
2,10,2024-01-12,30
2,10,2024-01-13,58
2,10,2024-01-14,39
2,10,2024-01-15,52
2,10,2024-01-16,44
2,10,2024-01-17,48
2,10,2024-01-18,66
2,10,2024-01-19,45
2,10,2024-01-20,22
2,10,2024-01-21,35
2,10,2024-01-22,60
2,10,2024-01-23,69
2,10,2024-01-24,22
2,10,2024-01-25,36
2,10,2024-01-26,20
2,10,2024-01-27,55
2,10,2024-01-28,67
2,10,2024-01-29,66
2,10,2024-01-30,69
2,10,2024-01-31,32
2,10,2024-02-01,37
2,10,2024-02-02,46
2,10,2024-02-03,63
2,10,2024-02-04,62
2,10,2024-02-05,48
2,10,2024-02-06,61
2,10,2024-02-07,41
2,10,2024-02-08,37
2,10,2024-02-09,58
2,10,2024-02-10,24
2,10,2024-02-11,54
2,10,2024-02-12,64
2,10,2024-02-13,66
2,10,2024-02-14,29
2,10,2024-02-15,32
2,10,2024-02-16,70
2,10,2024-02-17,46
2,10,2024-02-18,51
2,10,2024-02-19,49
2,10,2024-02-20,25
2,10,2024-02-21,17
2,10,2024-02-22,21
2,10,2024-02-23,74
2,10,2024-02-24,32
2,10,2024-02-25,73
2,10,2024-02-26,53
2,10,2024-02-27,58
2,10,2024-02-28,23
2,10,2024-02-29,48
2,10,2024-03-01,31
2,10,2024-03-02,22
2,10,2024-03-03,19
2,10,2024-03-04,74
2,10,2024-03-05,64
2,10,2024-03-06,37
2,10,2024-03-07,24
2,10,2024-03-08,31
2,10,2024-03-09,32
2,10,2024-03-10,33
2,10,2024-03-11,44
2,10,2024-03-12,16
2,10,2024-03-13,25
2,10,2024-03-14,52
2,10,2024-03-15,31
2,10,2024-03-16,27
2,10,2024-03-17,25
2,10,2024-03-18,13
2,10,2024-03-19,21
2,10,2024-03-20,30
2,10,2024-03-21,50
2,10,2024-03-22,55
2,10,2024-03-23,46
2,10,2024-03-24,22
2,10,2024-03-25,37
2,10,2024-03-26,63
2,10,2024-03-27,32
2,10,2024-03-28,21
2,10,2024-03-29,12
2,10,2024-03-30,65
2,10,2024-03-31,37
2,10,2024-04-01,67
3,1,2024-01-01,32
3,1,2024-01-02,63
3,1,2024-01-03,66
3,1,2024-01-04,24
3,1,2024-01-05,75
3,1,2024-01-06,68
3,1,2024-01-07,63
3,1,2024-01-08,44
3,1,2024-01-09,51
3,1,2024-01-10,27
3,1,2024-01-11,66
3,1,2024-01-12,69
3,1,2024-01-13,60
3,1,2024-01-14,45
3,1,2024-01-15,34
3,1,2024-01-16,45
3,1,2024-01-17,71
3,1,2024-01-18,19
3,1,2024-01-19,35
3,1,2024-01-20,52
3,1,2024-01-21,55
3,1,2024-01-22,61
3,1,2024-01-23,62
3,1,2024-01-24,62
3,1,2024-01-25,25
3,1,2024-01-26,60
3,1,2024-01-27,78
3,1,2024-01-28,63
3,1,2024-01-29,50
3,1,2024-01-30,34
3,1,2024-01-31,67
3,1,2024-02-01,43
3,1,2024-02-02,57
3,1,2024-02-03,20
3,1,2024-02-04,49
3,1,2024-02-05,65
3,1,2024-02-06,52
3,1,2024-02-07,57
3,1,2024-02-08,65
3,1,2024-02-09,38
3,1,2024-02-10,61
3,1,2024-02-11,51
3,1,2024-02-12,47
3,1,2024-02-13,47
3,1,2024-02-14,29
3,1,2024-02-15,19
3,1,2024-02-16,21
3,1,2024-02-17,18
3,1,2024-02-18,39
3,1,2024-02-19,25
3,1,2024-02-20,23
3,1,2024-02-21,34
3,1,2024-02-22,60
3,1,2024-02-23,63
3,1,2024-02-24,21
3,1,2024-02-25,62
3,1,2024-02-26,23
3,1,2024-02-27,46
3,1,2024-02-28,76
3,1,2024-02-29,14
3,1,2024-03-01,45
3,1,2024-03-02,24
3,1,2024-03-03,45
3,1,2024-03-04,31
3,1,2024-03-05,33
3,1,2024-03-06,50
3,1,2024-03-07,41
3,1,2024-03-08,74
3,1,2024-03-09,69
3,1,2024-03-10,14
3,1,2024-03-11,67
3,1,2024-03-12,60
3,1,2024-03-13,55
3,1,2024-03-14,50
3,1,2024-03-15,67
3,1,2024-03-16,55
3,1,2024-03-17,39
3,1,2024-03-18,20
3,1,2024-03-19,27
3,1,2024-03-20,29
3,1,2024-03-21,43
3,1,2024-03-22,11
3,1,2024-03-23,49
3,1,2024-03-24,31
3,1,2024-03-25,15
3,1,2024-03-26,61
3,1,2024-03-27,21
3,1,2024-03-28,74
3,1,2024-03-29,52
3,1,2024-03-30,45
3,1,2024-03-31,51
3,1,2024-04-01,25
3,2,2024-01-01,59
3,2,2024-01-02,36
3,2,2024-01-03,70
3,2,2024-01-04,61
3,2,2024-01-05,39
3,2,2024-01-06,43
3,2,2024-01-07,36
3,2,2024-01-08,79
3,2,2024-01-09,43
3,2,2024-01-10,46
3,2,2024-01-11,58
3,2,2024-01-12,50
3,2,2024-01-13,29
3,2,2024-01-14,59
3,2,2024-01-15,45
3,2,2024-01-16,39
3,2,2024-01-17,37
3,2,2024-01-18,44
3,2,2024-01-19,71
3,2,2024-01-20,27
3,2,2024-01-21,57
3,2,2024-01-22,31
3,2,2024-01-23,49
3,2,2024-01-24,44
3,2,2024-01-25,51
3,2,2024-01-26,24
3,2,2024-01-27,34
3,2,2024-01-28,47
3,2,2024-01-29,45
3,2,2024-01-30,66
3,2,2024-01-31,62
3,2,2024-02-01,69
3,2,2024-02-02,27
3,2,2024-02-03,63
3,2,2024-02-04,67
3,2,2024-02-05,63
3,2,2024-02-06,52
3,2,2024-02-07,47
3,2,2024-02-08,46
3,2,2024-02-09,68
3,2,2024-02-10,27
3,2,2024-02-11,72
3,2,2024-02-12,46
3,2,2024-02-13,33
3,2,2024-02-14,57
3,2,2024-02-15,38
3,2,2024-02-16,44
3,2,2024-02-17,20
3,2,2024-02-18,27
3,2,2024-02-19,66
3,2,2024-02-20,45
3,2,2024-02-21,67
3,2,2024-02-22,70
3,2,2024-02-23,42
3,2,2024-02-24,76
3,2,2024-02-25,67
3,2,2024-02-26,44
3,2,2024-02-27,49
3,2,2024-02-28,33
3,2,2024-02-29,74
3,2,2024-03-01,20
3,2,2024-03-02,40
3,2,2024-03-03,42
3,2,2024-03-04,48
3,2,2024-03-05,32
3,2,2024-03-06,43
3,2,2024-03-07,24
3,2,2024-03-08,30
3,2,2024-03-09,52
3,2,2024-03-10,71
3,2,2024-03-11,71
3,2,2024-03-12,49
3,2,2024-03-13,46
3,2,2024-03-14,64
3,2,2024-03-15,36
3,2,2024-03-16,67
3,2,2024-03-17,14
3,2,2024-03-18,25
3,2,2024-03-19,63
3,2,2024-03-20,23
3,2,2024-03-21,27
3,2,2024-03-22,58
3,2,2024-03-23,53
3,2,2024-03-24,69
3,2,2024-03-25,56
3,2,2024-03-26,62
3,2,2024-03-27,34
3,2,2024-03-28,53
3,2,2024-03-29,38
3,2,2024-03-30,9
3,2,2024-03-31,29
3,2,2024-04-01,39
3,3,2024-01-01,70
3,3,2024-01-02,45
3,3,2024-01-03,76
3,3,2024-01-04,44
3,3,2024-01-05,30
3,3,2024-01-06,51
3,3,2024-01-07,47
3,3,2024-01-08,33
3,3,2024-01-09,65
3,3,2024-01-10,33
3,3,2024-01-11,20
3,3,2024-01-12,38
3,3,2024-01-13,80
3,3,2024-01-14,61
3,3,2024-01-15,27
3,3,2024-01-16,24
3,3,2024-01-17,69
3,3,2024-01-18,47
3,3,2024-01-19,46
3,3,2024-01-20,69
3,3,2024-01-21,24
3,3,2024-01-22,63
3,3,2024-01-23,39
3,3,2024-01-24,31
3,3,2024-01-25,60
3,3,2024-01-26,62
3,3,2024-01-27,25
3,3,2024-01-28,41
3,3,2024-01-29,28
3,3,2024-01-30,38
3,3,2024-01-31,52
3,3,2024-02-01,34
3,3,2024-02-02,25
3,3,2024-02-03,56
3,3,2024-02-04,44
3,3,2024-02-05,54
3,3,2024-02-06,67
3,3,2024-02-07,44
3,3,2024-02-08,32
3,3,2024-02-09,76
3,3,2024-02-10,74
3,3,2024-02-11,43
3,3,2024-02-12,35
3,3,2024-02-13,48
3,3,2024-02-14,21
3,3,2024-02-15,70
3,3,2024-02-16,35
3,3,2024-02-17,41
3,3,2024-02-18,39
3,3,2024-02-19,41
3,3,2024-02-20,54
3,3,2024-02-21,53
3,3,2024-02-22,44
3,3,2024-02-23,53
3,3,2024-02-24,47
3,3,2024-02-25,72
3,3,2024-02-26,50
3,3,2024-02-27,74
3,3,2024-02-28,19
3,3,2024-02-29,31
3,3,2024-03-01,44
3,3,2024-03-02,52
3,3,2024-03-03,55
3,3,2024-03-04,60
3,3,2024-03-05,31
3,3,2024-03-06,15
3,3,2024-03-07,17
3,3,2024-03-08,32
3,3,2024-03-09,48
3,3,2024-03-10,31
3,3,2024-03-11,46
3,3,2024-03-12,59
3,3,2024-03-13,52
3,3,2024-03-14,75
3,3,2024-03-15,54
3,3,2024-03-16,29
3,3,2024-03-17,38
3,3,2024-03-18,62
3,3,2024-03-19,25
3,3,2024-03-20,56
3,3,2024-03-21,66
3,3,2024-03-22,17
3,3,2024-03-23,58
3,3,2024-03-24,33
3,3,2024-03-25,44
3,3,2024-03-26,22
3,3,2024-03-27,59
3,3,2024-03-28,71
3,3,2024-03-29,17
3,3,2024-03-30,59
3,3,2024-03-31,56
3,3,2024-04-01,80
3,4,2024-01-01,58
3,4,2024-01-02,27
3,4,2024-01-03,62
3,4,2024-01-04,61
3,4,2024-01-05,30
3,4,2024-01-06,50
3,4,2024-01-07,79
3,4,2024-01-08,23
3,4,2024-01-09,43
3,4,2024-01-10,41
3,4,2024-01-11,58
3,4,2024-01-12,34
3,4,2024-01-13,37
3,4,2024-01-14,24
3,4,2024-01-15,21
3,4,2024-01-16,78
3,4,2024-01-17,33
3,4,2024-01-18,23
3,4,2024-01-19,44
3,4,2024-01-20,66
3,4,2024-01-21,78
3,4,2024-01-22,57
3,4,2024-01-23,29
3,4,2024-01-24,57
3,4,2024-01-25,26
3,4,2024-01-26,25
3,4,2024-01-27,53
3,4,2024-01-28,46
3,4,2024-01-29,29
3,4,2024-01-30,27
3,4,2024-01-31,52
3,4,2024-02-01,28
3,4,2024-02-02,37
3,4,2024-02-03,50
3,4,2024-02-04,27
3,4,2024-02-05,52
3,4,2024-02-06,31
3,4,2024-02-07,17
3,4,2024-02-08,24
3,4,2024-02-09,52
3,4,2024-02-10,26
3,4,2024-02-11,45
3,4,2024-02-12,63
3,4,2024-02-13,56
3,4,2024-02-14,68
3,4,2024-02-15,75
3,4,2024-02-16,43
3,4,2024-02-17,59
3,4,2024-02-18,22
3,4,2024-02-19,74
3,4,2024-02-20,70
3,4,2024-02-21,47
3,4,2024-02-22,39
3,4,2024-02-23,59
3,4,2024-02-24,48
3,4,2024-02-25,51
3,4,2024-02-26,55
3,4,2024-02-27,63
3,4,2024-02-28,67
3,4,2024-02-29,68
3,4,2024-03-01,63
3,4,2024-03-02,48
3,4,2024-03-03,57
3,4,2024-03-04,34
3,4,2024-03-05,69
3,4,2024-03-06,51
3,4,2024-03-07,50
3,4,2024-03-08,76
3,4,2024-03-09,33
3,4,2024-03-10,48
3,4,2024-03-11,54
3,4,2024-03-12,45
3,4,2024-03-13,55
3,4,2024-03-14,51
3,4,2024-03-15,16
3,4,2024-03-16,36
3,4,2024-03-17,23
3,4,2024-03-18,71
3,4,2024-03-19,70
3,4,2024-03-20,21
3,4,2024-03-21,15
3,4,2024-03-22,46
3,4,2024-03-23,19
3,4,2024-03-24,19
3,4,2024-03-25,30
3,4,2024-03-26,47
3,4,2024-03-27,66
3,4,2024-03-28,41
3,4,2024-03-29,58
3,4,2024-03-30,34
3,4,2024-03-31,35
3,4,2024-04-01,42
3,5,2024-01-01,53
3,5,2024-01-02,67
3,5,2024-01-03,25
3,5,2024-01-04,55
3,5,2024-01-05,58
3,5,2024-01-06,54
3,5,2024-01-07,62
3,5,2024-01-08,26
3,5,2024-01-09,80
3,5,2024-01-10,77
3,5,2024-01-11,20
3,5,2024-01-12,46
3,5,2024-01-13,24
3,5,2024-01-14,51
3,5,2024-01-15,33
3,5,2024-01-16,59
3,5,2024-01-17,71
3,5,2024-01-18,63
3,5,2024-01-19,74
3,5,2024-01-20,74
3,5,2024-01-21,65
3,5,2024-01-22,40
3,5,2024-01-23,46
3,5,2024-01-24,74
3,5,2024-01-25,35
3,5,2024-01-26,26
3,5,2024-01-27,45
3,5,2024-01-28,31
3,5,2024-01-29,72
3,5,2024-01-30,21
3,5,2024-01-31,30
3,5,2024-02-01,56
3,5,2024-02-02,48
3,5,2024-02-03,40
3,5,2024-02-04,71
3,5,2024-02-05,41
3,5,2024-02-06,48
3,5,2024-02-07,69
3,5,2024-02-08,30
3,5,2024-02-09,65
3,5,2024-02-10,72
3,5,2024-02-11,66
3,5,2024-02-12,46
3,5,2024-02-13,23
3,5,2024-02-14,46
3,5,2024-02-15,52
3,5,2024-02-16,39
3,5,2024-02-17,53
3,5,2024-02-18,44
3,5,2024-02-19,29
3,5,2024-02-20,51
3,5,2024-02-21,78
3,5,2024-02-22,54
3,5,2024-02-23,47
3,5,2024-02-24,23
3,5,2024-02-25,24
3,5,2024-02-26,56
3,5,2024-02-27,69
3,5,2024-02-28,73
3,5,2024-02-29,27
3,5,2024-03-01,52
3,5,2024-03-02,69
3,5,2024-03-03,61
3,5,2024-03-04,62
3,5,2024-03-05,57
3,5,2024-03-06,57
3,5,2024-03-07,54
3,5,2024-03-08,72
3,5,2024-03-09,54
3,5,2024-03-10,21
3,5,2024-03-11,38
3,5,2024-03-12,52
3,5,2024-03-13,75
3,5,2024-03-14,28
3,5,2024-03-15,58
3,5,2024-03-16,16
3,5,2024-03-17,22
3,5,2024-03-18,64
3,5,2024-03-19,29
3,5,2024-03-20,57
3,5,2024-03-21,68
3,5,2024-03-22,15
3,5,2024-03-23,43
3,5,2024-03-24,12
3,5,2024-03-25,40
3,5,2024-03-26,39
3,5,2024-03-27,38
3,5,2024-03-28,24
3,5,2024-03-29,49
3,5,2024-03-30,54
3,5,2024-03-31,50
3,5,2024-04-01,30
3,6,2024-01-01,27
3,6,2024-01-02,44
3,6,2024-01-03,33
3,6,2024-01-04,71
3,6,2024-01-05,64
3,6,2024-01-06,31
3,6,2024-01-07,46
3,6,2024-01-08,78
3,6,2024-01-09,27
3,6,2024-01-10,71
3,6,2024-01-11,73
3,6,2024-01-12,35
3,6,2024-01-13,24
3,6,2024-01-14,50
3,6,2024-01-15,58
3,6,2024-01-16,75
3,6,2024-01-17,53
3,6,2024-01-18,41
3,6,2024-01-19,37
3,6,2024-01-20,57
3,6,2024-01-21,22
3,6,2024-01-22,67
3,6,2024-01-23,74
3,6,2024-01-24,21
3,6,2024-01-25,39
3,6,2024-01-26,63
3,6,2024-01-27,58
3,6,2024-01-28,71
3,6,2024-01-29,22
3,6,2024-01-30,33
3,6,2024-01-31,50
3,6,2024-02-01,63
3,6,2024-02-02,28
3,6,2024-02-03,57
3,6,2024-02-04,42
3,6,2024-02-05,67
3,6,2024-02-06,37
3,6,2024-02-07,42
3,6,2024-02-08,53
3,6,2024-02-09,67
3,6,2024-02-10,41
3,6,2024-02-11,48
3,6,2024-02-12,34
3,6,2024-02-13,38
3,6,2024-02-14,60
3,6,2024-02-15,42
3,6,2024-02-16,77
3,6,2024-02-17,72
3,6,2024-02-18,74
3,6,2024-02-19,33
3,6,2024-02-20,60
3,6,2024-02-21,56
3,6,2024-02-22,76
3,6,2024-02-23,55
3,6,2024-02-24,52
3,6,2024-02-25,62
3,6,2024-02-26,72
3,6,2024-02-27,23
3,6,2024-02-28,25
3,6,2024-02-29,48
3,6,2024-03-01,72
3,6,2024-03-02,29
3,6,2024-03-03,64
3,6,2024-03-04,31
3,6,2024-03-05,55
3,6,2024-03-06,54
3,6,2024-03-07,27
3,6,2024-03-08,28
3,6,2024-03-09,76
3,6,2024-03-10,37
3,6,2024-03-11,64
3,6,2024-03-12,74
3,6,2024-03-13,37
3,6,2024-03-14,24
3,6,2024-03-15,40
3,6,2024-03-16,66
3,6,2024-03-17,33
3,6,2024-03-18,20
3,6,2024-03-19,69
3,6,2024-03-20,54
3,6,2024-03-21,59
3,6,2024-03-22,62
3,6,2024-03-23,24
3,6,2024-03-24,30
3,6,2024-03-25,45
3,6,2024-03-26,70
3,6,2024-03-27,67
3,6,2024-03-28,16
3,6,2024-03-29,47
3,6,2024-03-30,59
3,6,2024-03-31,52
3,6,2024-04-01,77
3,7,2024-01-01,80
3,7,2024-01-02,72
3,7,2024-01-03,36
3,7,2024-01-04,73
3,7,2024-01-05,50
3,7,2024-01-06,74
3,7,2024-01-07,46
3,7,2024-01-08,77
3,7,2024-01-09,31
3,7,2024-01-10,77
3,7,2024-01-11,78
3,7,2024-01-12,26
3,7,2024-01-13,72
3,7,2024-01-14,64
3,7,2024-01-15,31
3,7,2024-01-16,65
3,7,2024-01-17,31
3,7,2024-01-18,45
3,7,2024-01-19,70
3,7,2024-01-20,21
3,7,2024-01-21,26
3,7,2024-01-22,63
3,7,2024-01-23,54
3,7,2024-01-24,45
3,7,2024-01-25,34
3,7,2024-01-26,54
3,7,2024-01-27,58
3,7,2024-01-28,35
3,7,2024-01-29,39
3,7,2024-01-30,34
3,7,2024-01-31,25
3,7,2024-02-01,72
3,7,2024-02-02,32
3,7,2024-02-03,65
3,7,2024-02-04,69
3,7,2024-02-05,54
3,7,2024-02-06,36
3,7,2024-02-07,39
3,7,2024-02-08,34
3,7,2024-02-09,25
3,7,2024-02-10,37
3,7,2024-02-11,42
3,7,2024-02-12,32
3,7,2024-02-13,66
3,7,2024-02-14,22
3,7,2024-02-15,54
3,7,2024-02-16,35
3,7,2024-02-17,17
3,7,2024-02-18,75
3,7,2024-02-19,67
3,7,2024-02-20,70
3,7,2024-02-21,48
3,7,2024-02-22,54
3,7,2024-02-23,39
3,7,2024-02-24,49
3,7,2024-02-25,60
3,7,2024-02-26,66
3,7,2024-02-27,38
3,7,2024-02-28,69
3,7,2024-02-29,56
3,7,2024-03-01,20
3,7,2024-03-02,57
3,7,2024-03-03,57
3,7,2024-03-04,47
3,7,2024-03-05,64
3,7,2024-03-06,57
3,7,2024-03-07,36
3,7,2024-03-08,42
3,7,2024-03-09,74
3,7,2024-03-10,67
3,7,2024-03-11,52
3,7,2024-03-12,49
3,7,2024-03-13,43
3,7,2024-03-14,22
3,7,2024-03-15,54
3,7,2024-03-16,33
3,7,2024-03-17,73
3,7,2024-03-18,59
3,7,2024-03-19,14
3,7,2024-03-20,48
3,7,2024-03-21,60
3,7,2024-03-22,58
3,7,2024-03-23,50
3,7,2024-03-24,60
3,7,2024-03-25,17
3,7,2024-03-26,61
3,7,2024-03-27,23
3,7,2024-03-28,44
3,7,2024-03-29,43
3,7,2024-03-30,43
3,7,2024-03-31,47
3,7,2024-04-01,77
3,8,2024-01-01,32
3,8,2024-01-02,41
3,8,2024-01-03,61
3,8,2024-01-04,80
3,8,2024-01-05,68
3,8,2024-01-06,79
3,8,2024-01-07,25
3,8,2024-01-08,46
3,8,2024-01-09,43
3,8,2024-01-10,52
3,8,2024-01-11,24
3,8,2024-01-12,24
3,8,2024-01-13,75
3,8,2024-01-14,32
3,8,2024-01-15,33
3,8,2024-01-16,59
3,8,2024-01-17,49
3,8,2024-01-18,31
3,8,2024-01-19,78
3,8,2024-01-20,47
3,8,2024-01-21,46
3,8,2024-01-22,19
3,8,2024-01-23,50
3,8,2024-01-24,64
3,8,2024-01-25,28
3,8,2024-01-26,27
3,8,2024-01-27,50
3,8,2024-01-28,62
3,8,2024-01-29,31
3,8,2024-01-30,62
3,8,2024-01-31,38
3,8,2024-02-01,18
3,8,2024-02-02,63
3,8,2024-02-03,77
3,8,2024-02-04,31
3,8,2024-02-05,38
3,8,2024-02-06,28
3,8,2024-02-07,60
3,8,2024-02-08,30
3,8,2024-02-09,60
3,8,2024-02-10,28
3,8,2024-02-11,66
3,8,2024-02-12,71
3,8,2024-02-13,79
3,8,2024-02-14,36
3,8,2024-02-15,25
3,8,2024-02-16,61
3,8,2024-02-17,55
3,8,2024-02-18,53
3,8,2024-02-19,73
3,8,2024-02-20,70
3,8,2024-02-21,73
3,8,2024-02-22,65
3,8,2024-02-23,31
3,8,2024-02-24,68
3,8,2024-02-25,67
3,8,2024-02-26,22
3,8,2024-02-27,44
3,8,2024-02-28,61
3,8,2024-02-29,73
3,8,2024-03-01,31
3,8,2024-03-02,28
3,8,2024-03-03,63
3,8,2024-03-04,33
3,8,2024-03-05,47
3,8,2024-03-06,40
3,8,2024-03-07,36
3,8,2024-03-08,76
3,8,2024-03-09,15
3,8,2024-03-10,21
3,8,2024-03-11,74
3,8,2024-03-12,51
3,8,2024-03-13,23
3,8,2024-03-14,59
3,8,2024-03-15,65
3,8,2024-03-16,30
3,8,2024-03-17,30
3,8,2024-03-18,32
3,8,2024-03-19,23
3,8,2024-03-20,33
3,8,2024-03-21,61
3,8,2024-03-22,50
3,8,2024-03-23,67
3,8,2024-03-24,66
3,8,2024-03-25,28
3,8,2024-03-26,27
3,8,2024-03-27,54
3,8,2024-03-28,57
3,8,2024-03-29,7
3,8,2024-03-30,17
3,8,2024-03-31,49
3,8,2024-04-01,37
3,9,2024-01-01,35
3,9,2024-01-02,69
3,9,2024-01-03,73
3,9,2024-01-04,68
3,9,2024-01-05,43
3,9,2024-01-06,20
3,9,2024-01-07,64
3,9,2024-01-08,58
3,9,2024-01-09,39
3,9,2024-01-10,48
3,9,2024-01-11,46
3,9,2024-01-12,41
3,9,2024-01-13,64
3,9,2024-01-14,76
3,9,2024-01-15,80
3,9,2024-01-16,24
3,9,2024-01-17,27
3,9,2024-01-18,62
3,9,2024-01-19,66
3,9,2024-01-20,51
3,9,2024-01-21,47
3,9,2024-01-22,60
3,9,2024-01-23,23
3,9,2024-01-24,41
3,9,2024-01-25,46
3,9,2024-01-26,36
3,9,2024-01-27,20
3,9,2024-01-28,59
3,9,2024-01-29,70
3,9,2024-01-30,56
3,9,2024-01-31,38
3,9,2024-02-01,25
3,9,2024-02-02,37
3,9,2024-02-03,51
3,9,2024-02-04,42
3,9,2024-02-05,31
3,9,2024-02-06,59
3,9,2024-02-07,53
3,9,2024-02-08,58
3,9,2024-02-09,64
3,9,2024-02-10,24
3,9,2024-02-11,77
3,9,2024-02-12,32
3,9,2024-02-13,44
3,9,2024-02-14,19
3,9,2024-02-15,39
3,9,2024-02-16,37
3,9,2024-02-17,73
3,9,2024-02-18,57
3,9,2024-02-19,27
3,9,2024-02-20,39
3,9,2024-02-21,73
3,9,2024-02-22,39
3,9,2024-02-23,22
3,9,2024-02-24,59
3,9,2024-02-25,59
3,9,2024-02-26,59
3,9,2024-02-27,20
3,9,2024-02-28,48
3,9,2024-02-29,76
3,9,2024-03-01,68
3,9,2024-03-02,31
3,9,2024-03-03,43
3,9,2024-03-04,71
3,9,2024-03-05,23
3,9,2024-03-06,57
3,9,2024-03-07,76
3,9,2024-03-08,69
3,9,2024-03-09,67
3,9,2024-03-10,16
3,9,2024-03-11,16
3,9,2024-03-12,58
3,9,2024-03-13,25
3,9,2024-03-14,37
3,9,2024-03-15,36
3,9,2024-03-16,37
3,9,2024-03-17,56
3,9,2024-03-18,33
3,9,2024-03-19,24
3,9,2024-03-20,60
3,9,2024-03-21,50
3,9,2024-03-22,52
3,9,2024-03-23,22
3,9,2024-03-24,14
3,9,2024-03-25,47
3,9,2024-03-26,24
3,9,2024-03-27,23
3,9,2024-03-28,43
3,9,2024-03-29,34
3,9,2024-03-30,53
3,9,2024-03-31,31
3,9,2024-04-01,47
3,10,2024-01-01,57
3,10,2024-01-02,62
3,10,2024-01-03,79
3,10,2024-01-04,47
3,10,2024-01-05,58
3,10,2024-01-06,31
3,10,2024-01-07,69
3,10,2024-01-08,30
3,10,2024-01-09,54
3,10,2024-01-10,42
3,10,2024-01-11,34
3,10,2024-01-12,34
3,10,2024-01-13,54
3,10,2024-01-14,43
3,10,2024-01-15,24
3,10,2024-01-16,54
3,10,2024-01-17,35
3,10,2024-01-18,25
3,10,2024-01-19,73
3,10,2024-01-20,24
3,10,2024-01-21,60
3,10,2024-01-22,70
3,10,2024-01-23,52
3,10,2024-01-24,69
3,10,2024-01-25,66
3,10,2024-01-26,32
3,10,2024-01-27,57
3,10,2024-01-28,62
3,10,2024-01-29,20
3,10,2024-01-30,69
3,10,2024-01-31,58
3,10,2024-02-01,70
3,10,2024-02-02,34
3,10,2024-02-03,70
3,10,2024-02-04,70
3,10,2024-02-05,37
3,10,2024-02-06,27
3,10,2024-02-07,35
3,10,2024-02-08,61
3,10,2024-02-09,60
3,10,2024-02-10,70
3,10,2024-02-11,27
3,10,2024-02-12,38
3,10,2024-02-13,19
3,10,2024-02-14,44
3,10,2024-02-15,46
3,10,2024-02-16,62
3,10,2024-02-17,30
3,10,2024-02-18,52
3,10,2024-02-19,66
3,10,2024-02-20,32
3,10,2024-02-21,35
3,10,2024-02-22,45
3,10,2024-02-23,30
3,10,2024-02-24,31
3,10,2024-02-25,69
3,10,2024-02-26,37
3,10,2024-02-27,61
3,10,2024-02-28,50
3,10,2024-02-29,49
3,10,2024-03-01,51
3,10,2024-03-02,32
3,10,2024-03-03,77
3,10,2024-03-04,31
3,10,2024-03-05,36
3,10,2024-03-06,30
3,10,2024-03-07,48
3,10,2024-03-08,40
3,10,2024-03-09,25
3,10,2024-03-10,75
3,10,2024-03-11,59
3,10,2024-03-12,47
3,10,2024-03-13,39
3,10,2024-03-14,42
3,10,2024-03-15,68
3,10,2024-03-16,53
3,10,2024-03-17,32
3,10,2024-03-18,58
3,10,2024-03-19,15
3,10,2024-03-20,44
3,10,2024-03-21,42
3,10,2024-03-22,61
3,10,2024-03-23,60
3,10,2024-03-24,38
3,10,2024-03-25,62
3,10,2024-03-26,33
3,10,2024-03-27,27
3,10,2024-03-28,28
3,10,2024-03-29,24
3,10,2024-03-30,57
3,10,2024-03-31,41
3,10,2024-04-01,31
