OrderID,Amount,Method,Status,TxnRef
1,7.5,App,Completed,TXN000001
2,4.25,App,Completed,TXN000002
3,16.0,App,Completed,TXN000003
4,4.25,Card,Completed,TXN000004
5,10.0,Cash,Completed,TXN000005
6,20.5,Card,Completed,TXN000006
7,2.75,Cash,Completed,TXN000007
8,5.75,Cash,Completed,TXN000008
9,17.5,App,Completed,TXN000009
10,15.0,Card,Completed,TXN000010
11,4.0,Cash,Completed,TXN000011
12,14.5,Card,Completed,TXN000012
13,12.75,App,Completed,TXN000013
14,22.25,Cash,Completed,TXN000014
15,13.75,App,Completed,TXN000015
16,7.0,App,Completed,TXN000016
17,11.25,Cash,Completed,TXN000017
18,21.25,Cash,Completed,TXN000018
19,17.0,Cash,Completed,TXN000019
20,6.5,Card,Completed,TXN000020
21,13.0,App,Completed,TXN000021
22,10.25,Cash,Completed,TXN000022
23,3.0,App,Completed,TXN000023
24,9.25,Cash,Completed,TXN000024
25,3.25,Card,Completed,TXN000025
26,4.75,Card,Completed,TXN000026
27,6.25,App,Completed,TXN000027
28,4.25,App,Completed,TXN000028
29,13.5,Card,Completed,TXN000029
30,7.0,Cash,Completed,TXN000030
31,16.0,App,Completed,TXN000031
32,7.25,Cash,Completed,TXN000032
33,8.25,Cash,Completed,TXN000033
34,21.5,App,Completed,TXN000034
35,6.5,Card,Completed,TXN000035
36,4.0,App,Completed,TXN000036
37,5.25,App,Completed,TXN000037
38,15.0,App,Completed,TXN000038
39,18.5,App,Completed,TXN000039
40,10.75,Cash,Completed,TXN000040
41,13.5,Cash,Completed,TXN000041
42,7.0,App,Completed,TXN000042
43,12.25,App,Completed,TXN000043
44,20.25,App,Completed,TXN000044
45,11.25,Card,Completed,TXN000045
46,4.5,App,Completed,TXN000046
47,8.75,Cash,Completed,TXN000047
48,20.0,Card,Completed,TXN000048
49,13.25,Card,Completed,TXN000049
50,10.0,App,Completed,TXN000050
51,17.0,Cash,Completed,TXN000051
52,12.0,App,Completed,TXN000052
53,3.0,Cash,Completed,TXN000053
54,19.0,Card,Completed,TXN000054
55,11.5,App,Completed,TXN000055
56,5.75,App,Completed,TXN000056
57,4.0,Card,Completed,TXN000057
58,12.0,Card,Completed,TXN000058
59,3.25,Cash,Completed,TXN000059
60,18.25,Cash,Completed,TXN000060
61,8.0,Cash,Completed,TXN000061
62,4.0,App,Completed,TXN000062
63,14.5,App,Completed,TXN000063
64,8.75,Cash,Completed,TXN000064
65,4.75,Card,Completed,TXN000065
66,11.0,Cash,Completed,TXN000066
67,16.5,Card,Completed,TXN000067
68,7.25,Card,Completed,TXN000068
69,11.25,Cash,Completed,TXN000069
70,7.0,Cash,Completed,TXN000070
71,12.5,App,Completed,TXN000071
72,12.75,App,Completed,TXN000072
73,6.0,Cash,Completed,TXN000073
74,11.75,Cash,Completed,TXN000074
75,18.25,Cash,Completed,TXN000075
76,10.75,Cash,Completed,TXN000076
77,2.75,Cash,Completed,TXN000077
78,5.25,App,Completed,TXN000078
79,13.5,App,Completed,TXN000079
80,17.25,Card,Completed,TXN000080
81,16.25,Cash,Completed,TXN000081
82,21.5,Cash,Completed,TXN000082
83,11.5,Cash,Completed,TXN000083
84,12.25,App,Completed,TXN000084
85,19.25,Card,Completed,TXN000085
86,19.5,App,Completed,TXN000086
87,8.5,Card,Completed,TXN000087
88,4.0,Card,Completed,TXN000088
89,17.25,App,Completed,TXN000089
90,4.25,App,Completed,TXN000090
91,13.5,Cash,Completed,TXN000091
92,11.25,Card,Completed,TXN000092
93,6.5,Card,Completed,TXN000093
94,22.75,Cash,Completed,TXN000094
95,16.25,Cash,Completed,TXN000095
96,4.75,App,Completed,TXN000096
97,7.75,Card,Completed,TXN000097
98,17.75,Cash,Completed,TXN000098
99,18.5,Card,Completed,TXN000099
100,16.0,Card,Completed,TXN000100
101,15.75,Cash,Completed,TXN000101
102,9.5,Card,Completed,TXN000102
103,8.75,Cash,Completed,TXN000103
104,20.25,App,Completed,TXN000104
105,6.5,App,Completed,TXN000105
106,7.0,App,Completed,TXN000106
107,13.5,Cash,Completed,TXN000107
108,4.5,Cash,Completed,TXN000108
109,13.0,Card,Completed,TXN000109
110,8.5,Card,Completed,TXN000110
111,3.25,App,Completed,TXN000111
112,17.25,App,Completed,TXN000112
113,13.25,Card,Completed,TXN000113
114,7.75,Cash,Completed,TXN000114
115,11.5,Card,Completed,TXN000115
116,7.0,App,Completed,TXN000116
117,15.5,App,Completed,TXN000117
118,4.5,Cash,Completed,TXN000118
119,10.25,App,Completed,TXN000119
120,11.75,App,Completed,TXN000120
121,11.75,App,Completed,TXN000121
122,14.75,App,Completed,TXN000122
123,7.0,Card,Completed,TXN000123
124,20.5,Card,Completed,TXN000124
125,4.0,Card,Completed,TXN000125
126,13.5,Card,Completed,TXN000126
127,13.0,Card,Completed,TXN000127
128,4.0,Cash,Completed,TXN000128
129,7.75,Card,Completed,TXN000129
130,3.0,App,Completed,TXN000130
131,20.75,Card,Completed,TXN000131
132,19.5,Card,Completed,TXN000132
133,19.25,App,Completed,TXN000133
134,8.5,Card,Completed,TXN000134
135,3.0,Card,Completed,TXN000135
136,18.5,Cash,Completed,TXN000136
137,8.0,App,Completed,TXN000137
138,4.75,Cash,Completed,TXN000138
139,12.25,App,Completed,TXN000139
140,11.25,Card,Completed,TXN000140
141,8.75,Card,Completed,TXN000141
142,19.25,App,Completed,TXN000142
143,3.25,Card,Completed,TXN000143
144,10.25,App,Completed,TXN000144
145,17.75,App,Completed,TXN000145
146,4.75,Cash,Completed,TXN000146
147,4.75,Card,Completed,TXN000147
148,8.0,App,Completed,TXN000148
149,15.75,App,Completed,TXN000149
150,8.75,Card,Completed,TXN000150
151,7.0,Cash,Completed,TXN000151
152,17.25,Cash,Completed,TXN000152
153,7.0,App,Completed,TXN000153
154,10.5,App,Completed,TXN000154
155,6.5,App,Completed,TXN000155
156,5.25,Card,Completed,TXN000156
157,4.75,Cash,Completed,TXN000157
158,5.25,Card,Completed,TXN000158
159,14.0,Card,Completed,TXN000159
160,16.0,App,Completed,TXN000160
161,10.5,Card,Completed,TXN000161
162,4.0,Cash,Completed,TXN000162
163,10.0,Cash,Completed,TXN000163
164,17.25,Cash,Completed,TXN000164
165,13.0,Card,Completed,TXN000165
166,14.25,Card,Completed,TXN000166
167,8.0,App,Completed,TXN000167
168,10.5,Card,Completed,TXN000168
169,21.75,Card,Completed,TXN000169
170,10.0,Card,Completed,TXN000170
171,7.0,Cash,Completed,TXN000171
172,11.5,Card,Completed,TXN000172
173,2.75,Cash,Completed,TXN000173
174,20.5,Card,Completed,TXN000174
175,16.5,App,Completed,TXN000175
176,4.25,App,Completed,TXN000176
177,16.75,Card,Completed,TXN000177
178,13.5,Card,Completed,TXN000178
179,11.5,App,Completed,TXN000179
180,9.75,Cash,Completed,TXN000180
181,6.5,App,Completed,TXN000181
182,9.75,Card,Completed,TXN000182
183,20.25,Cash,Completed,TXN000183
184,8.0,Card,Completed,TXN000184
185,8.5,Card,Completed,TXN000185
186,3.0,Cash,Completed,TXN000186
187,5.75,App,Completed,TXN000187
188,18.0,Card,Completed,TXN000188
189,21.5,Card,Completed,TXN000189
190,9.5,Cash,Completed,TXN000190
191,8.75,Cash,Completed,TXN000191
192,2.75,App,Completed,TXN000192
193,3.25,Cash,Completed,TXN000193
194,14.75,Cash,Completed,TXN000194
195,6.5,App,Completed,TXN000195
196,6.25,Card,Completed,TXN000196
197,8.75,Cash,Completed,TXN000197
198,20.0,Card,Completed,TXN000198
199,16.25,Cash,Completed,TXN000199
200,4.75,App,Completed,TXN000200
201,22.5,Cash,Completed,TXN000201
202,9.5,Cash,Completed,TXN000202
203,9.5,Cash,Completed,TXN000203
204,16.25,Cash,Completed,TXN000204
205,12.0,App,Completed,TXN000205
206,9.75,Card,Completed,TXN000206
207,8.5,Cash,Completed,TXN000207
208,4.25,Cash,Completed,TXN000208
209,6.5,Card,Completed,TXN000209
210,15.5,Cash,Completed,TXN000210
211,12.75,App,Completed,TXN000211
212,10.0,Cash,Completed,TXN000212
213,13.25,Card,Completed,TXN000213
214,5.25,Card,Completed,TXN000214
215,16.5,App,Completed,TXN000215
216,3.0,App,Completed,TXN000216
217,15.5,App,Completed,TXN000217
218,13.25,App,Completed,TXN000218
219,16.5,Card,Completed,TXN000219
220,8.0,Cash,Completed,TXN000220
221,15.25,App,Completed,TXN000221
222,15.25,App,Completed,TXN000222
223,12.5,App,Completed,TXN000223
224,11.5,Cash,Completed,TXN000224
225,4.75,Card,Completed,TXN000225
226,17.25,App,Completed,TXN000226
227,15.75,Cash,Completed,TXN000227
228,12.5,App,Completed,TXN000228
229,16.75,Card,Completed,TXN000229
230,16.25,Cash,Completed,TXN000230
231,15.25,Cash,Completed,TXN000231
232,7.75,Cash,Completed,TXN000232
233,3.0,Cash,Completed,TXN000233
234,16.25,App,Completed,TXN000234
235,9.5,Card,Completed,TXN000235
236,2.75,App,Completed,TXN000236
237,4.5,Cash,Completed,TXN000237
238,18.75,Card,Completed,TXN000238
239,14.75,App,Completed,TXN000239
240,20.75,App,Completed,TXN000240
241,18.25,Card,Completed,TXN000241
242,11.25,App,Completed,TXN000242
243,7.0,Cash,Completed,TXN000243
244,17.5,App,Completed,TXN000244
245,10.5,Card,Completed,TXN000245
246,2.75,Cash,Completed,TXN000246
247,17.0,Card,Completed,TXN000247
248,4.25,App,Completed,TXN000248
249,3.25,Card,Completed,TXN000249
250,8.0,App,Completed,TXN000250
251,13.0,App,Completed,TXN000251
252,14.75,Card,Completed,TXN000252
253,17.75,App,Completed,TXN000253
254,4.25,App,Completed,TXN000254
255,12.0,Card,Completed,TXN000255
256,22.75,Card,Completed,TXN000256
257,16.75,Card,Completed,TXN000257
258,4.5,Cash,Completed,TXN000258
259,11.0,Card,Completed,TXN000259
260,15.5,App,Completed,TXN000260
261,18.0,Card,Completed,TXN000261
262,7.75,App,Completed,TXN000262
263,3.25,Card,Completed,TXN000263
264,22.5,App,Completed,TXN000264
265,22.5,App,Completed,TXN000265
266,13.5,Card,Completed,TXN000266
267,17.5,Card,Completed,TXN000267
268,10.5,App,Completed,TXN000268
269,14.0,Cash,Completed,TXN000269
270,17.25,App,Completed,TXN000270
271,6.0,Card,Completed,TXN000271
272,11.25,Card,Completed,TXN000272
273,10.25,Cash,Completed,TXN000273
274,3.25,App,Completed,TXN000274
275,16.5,Card,Completed,TXN000275
276,9.25,App,Completed,TXN000276
277,17.25,App,Completed,TXN000277
278,4.25,Cash,Completed,TXN000278
279,19.0,Card,Completed,TXN000279
280,11.5,App,Completed,TXN000280
281,2.75,App,Completed,TXN000281
282,12.0,App,Completed,TXN000282
283,2.75,App,Completed,TXN000283
284,2.75,App,Completed,TXN000284
285,12.75,Cash,Completed,TXN000285
286,4.0,Cash,Completed,TXN000286
287,4.25,Cash,Completed,TXN000287
288,8.5,Card,Completed,TXN000288
289,4.25,App,Completed,TXN000289
290,4.5,App,Completed,TXN000290
291,12.25,Cash,Completed,TXN000291
292,2.75,App,Completed,TXN000292
293,13.0,Cash,Completed,TXN000293
294,10.25,Card,Completed,TXN000294
295,17.0,Card,Completed,TXN000295
296,22.5,Card,Completed,TXN000296
297,8.5,Card,Completed,TXN000297
298,4.25,Cash,Completed,TXN000298
299,13.0,Cash,Completed,TXN000299
300,8.5,Cash,Completed,TXN000300
301,18.0,Card,Completed,TXN000301
302,15.25,Cash,Completed,TXN000302
303,9.75,App,Completed,TXN000303
304,4.25,Cash,Completed,TXN000304
305,12.25,Card,Completed,TXN000305
306,3.0,App,Completed,TXN000306
307,10.0,Card,Completed,TXN000307
308,6.0,App,Completed,TXN000308
309,13.5,App,Completed,TXN000309
310,5.25,Cash,Completed,TXN000310
311,9.0,Card,Completed,TXN000311
312,14.75,App,Completed,TXN000312
313,8.25,Cash,Completed,TXN000313
314,3.0,Cash,Completed,TXN000314
315,16.5,App,Completed,TXN000315
316,16.25,App,Completed,TXN000316
317,15.75,Card,Completed,TXN000317
318,9.75,Card,Completed,TXN000318
319,8.5,Cash,Completed,TXN000319
320,6.0,App,Completed,TXN000320
321,15.5,Card,Completed,TXN000321
322,4.75,Card,Completed,TXN000322
323,10.25,Card,Completed,TXN000323
324,16.25,App,Completed,TXN000324
325,18.0,Card,Completed,TXN000325
326,9.25,App,Completed,TXN000326
327,15.0,Card,Completed,TXN000327
328,9.25,App,Completed,TXN000328
329,6.5,App,Completed,TXN000329
330,16.0,App,Completed,TXN000330
331,3.25,Cash,Completed,TXN000331
332,4.0,Cash,Completed,TXN000332
333,6.0,Cash,Completed,TXN000333
334,14.0,Card,Completed,TXN000334
335,16.25,Cash,Completed,TXN000335
336,9.75,App,Completed,TXN000336
337,12.0,Cash,Completed,TXN000337
338,5.25,App,Completed,TXN000338
339,6.25,Cash,Completed,TXN000339
340,4.5,Cash,Completed,TXN000340
341,3.25,Cash,Completed,TXN000341
342,4.25,App,Completed,TXN000342
343,7.75,App,Completed,TXN000343
344,5.75,App,Completed,TXN000344
345,4.0,Card,Completed,TXN000345
346,20.0,App,Completed,TXN000346
347,14.0,Cash,Completed,TXN000347
348,10.25,Card,Completed,TXN000348
349,15.5,Card,Completed,TXN000349
350,19.75,App,Completed,TXN000350
351,6.5,Cash,Completed,TXN000351
352,8.0,Card,Completed,TXN000352
353,13.75,App,Completed,TXN000353
354,7.0,App,Completed,TXN000354
355,11.75,Card,Completed,TXN000355
356,15.75,Card,Completed,TXN000356
357,4.5,Cash,Completed,TXN000357
358,7.0,App,Completed,TXN000358
359,19.5,Cash,Completed,TXN000359
360,10.0,Cash,Completed,TXN000360
361,14.0,App,Completed,TXN000361
362,5.25,Cash,Completed,TXN000362
363,13.0,Card,Completed,TXN000363
364,14.5,Card,Completed,TXN000364
365,10.0,Card,Completed,TXN000365
366,8.5,App,Completed,TXN000366
367,8.5,Cash,Completed,TXN000367
368,21.0,Card,Completed,TXN000368
369,17.0,Cash,Completed,TXN000369
370,12.25,App,Completed,TXN000370
371,14.75,Cash,Completed,TXN000371
372,12.5,App,Completed,TXN000372
373,19.5,Cash,Completed,TXN000373
374,4.5,Cash,Completed,TXN000374
375,12.75,Card,Completed,TXN000375
376,18.25,Cash,Completed,TXN000376
377,9.25,Card,Completed,TXN000377
378,7.5,App,Completed,TXN000378
379,3.0,Card,Completed,TXN000379
380,4.0,App,Completed,TXN000380
381,14.5,Card,Completed,TXN000381
382,6.0,Card,Completed,TXN000382
383,20.25,App,Completed,TXN000383
384,16.25,App,Completed,TXN000384
385,11.5,Cash,Completed,TXN000385
386,16.75,Cash,Completed,TXN000386
387,15.5,Card,Completed,TXN000387
388,17.0,App,Completed,TXN000388
389,14.25,App,Completed,TXN000389
390,16.5,Cash,Completed,TXN000390
391,13.75,Card,Completed,TXN000391
392,15.25,Card,Completed,TXN000392
393,11.75,App,Completed,TXN000393
394,9.25,Card,Completed,TXN000394
395,20.0,Card,Completed,TXN000395
396,14.25,Card,Completed,TXN000396
397,15.75,App,Completed,TXN000397
398,11.25,App,Completed,TXN000398
399,3.0,Cash,Completed,TXN000399
400,14.0,Cash,Completed,TXN000400
401,3.0,App,Completed,TXN000401
402,11.75,Card,Completed,TXN000402
403,3.25,Cash,Completed,TXN000403
404,6.5,Card,Completed,TXN000404
405,9.75,Cash,Completed,TXN000405
406,11.5,Cash,Completed,TXN000406
407,16.5,Cash,Completed,TXN000407
408,7.0,Card,Completed,TXN000408
409,8.75,App,Completed,TXN000409
410,4.5,App,Completed,TXN000410
411,5.25,Card,Completed,TXN000411
412,4.75,Card,Completed,TXN000412
413,2.75,Cash,Completed,TXN000413
414,5.25,App,Completed,TXN000414
415,13.0,Cash,Completed,TXN000415
416,4.0,App,Completed,TXN000416
417,12.25,Card,Completed,TXN000417
418,18.5,App,Completed,TXN000418
419,11.25,Cash,Completed,TXN000419
420,15.25,Cash,Completed,TXN000420
421,11.75,App,Completed,TXN000421
422,16.25,App,Completed,TXN000422
423,7.0,Card,Completed,TXN000423
424,8.0,Card,Completed,TXN000424
425,3.0,Cash,Completed,TXN000425
426,12.75,Card,Completed,TXN000426
427,17.25,Cash,Completed,TXN000427
428,11.0,App,Completed,TXN000428
429,17.75,Cash,Completed,TXN000429
430,12.75,Cash,Completed,TXN000430
431,7.25,Card,Completed,TXN000431
432,5.25,Cash,Completed,TXN000432
433,7.25,Cash,Completed,TXN000433
434,18.75,App,Completed,TXN000434
435,22.0,Card,Completed,TXN000435
436,8.5,Card,Completed,TXN000436
437,3.25,Cash,Completed,TXN000437
438,10.5,Cash,Completed,TXN000438
439,16.25,Cash,Completed,TXN000439
440,5.25,Card,Completed,TXN000440
441,16.0,Cash,Completed,TXN000441
442,14.0,App,Completed,TXN000442
443,3.25,Cash,Completed,TXN000443
444,11.25,App,Completed,TXN000444
445,6.5,App,Completed,TXN000445
446,11.5,App,Completed,TXN000446
447,18.25,Cash,Completed,TXN000447
448,3.0,Card,Completed,TXN000448
449,13.25,Cash,Completed,TXN000449
450,11.0,App,Completed,TXN000450
451,7.0,Cash,Completed,TXN000451
452,19.0,Card,Completed,TXN000452
453,18.0,Card,Completed,TXN000453
454,8.25,App,Completed,TXN000454
455,18.5,Card,Completed,TXN000455
456,10.5,Card,Completed,TXN000456
457,9.75,App,Completed,TXN000457
458,10.0,Card,Completed,TXN000458
459,6.5,Card,Completed,TXN000459
460,9.75,App,Completed,TXN000460
461,6.25,Card,Completed,TXN000461
462,8.75,Card,Completed,TXN000462
463,14.75,Cash,Completed,TXN000463
464,21.25,Cash,Completed,TXN000464
465,6.5,App,Completed,TXN000465
466,7.0,Card,Completed,TXN000466
467,10.5,App,Completed,TXN000467
468,7.25,Cash,Completed,TXN000468
469,22.5,App,Completed,TXN000469
470,16.5,Card,Completed,TXN000470
471,15.5,App,Completed,TXN000471
472,14.75,App,Completed,TXN000472
473,7.5,Cash,Completed,TXN000473
474,3.25,Card,Completed,TXN000474
475,4.25,App,Completed,TXN000475
476,6.5,App,Completed,TXN000476
477,10.0,App,Completed,TXN000477
478,17.0,Cash,Completed,TXN000478
479,4.25,Cash,Completed,TXN000479
480,4.25,App,Completed,TXN000480
481,3.0,Cash,Completed,TXN000481
482,14.25,Card,Completed,TXN000482
483,4.5,Cash,Completed,TXN000483
484,3.25,Cash,Completed,TXN000484
485,8.5,Cash,Completed,TXN000485
486,7.75,Cash,Completed,TXN000486
487,16.75,App,Completed,TXN000487
488,9.5,App,Completed,TXN000488
489,18.25,App,Completed,TXN000489
490,8.0,Cash,Completed,TXN000490
491,8.25,Cash,Completed,TXN000491
492,18.0,Cash,Completed,TXN000492
493,12.75,Card,Completed,TXN000493
494,20.25,Cash,Completed,TXN000494
495,17.25,Cash,Completed,TXN000495
496,5.25,App,Completed,TXN000496
497,4.25,Cash,Completed,TXN000497
498,9.5,Cash,Completed,TXN000498
499,9.75,App,Completed,TXN000499
500,15.75,Cash,Completed,TXN000500
501,12.75,Card,Completed,TXN000501
502,8.0,Card,Completed,TXN000502
503,15.75,App,Completed,TXN000503
504,18.5,Card,Completed,TXN000504
505,14.0,App,Completed,TXN000505
506,14.5,Cash,Completed,TXN000506
507,4.0,Cash,Completed,TXN000507
508,4.75,Cash,Completed,TXN000508
509,13.0,Cash,Completed,TXN000509
510,6.5,Card,Completed,TXN000510
511,17.0,Card,Completed,TXN000511
512,12.0,App,Completed,TXN000512
513,6.5,Cash,Completed,TXN000513
514,19.5,Cash,Completed,TXN000514
515,16.0,App,Completed,TXN000515
516,11.5,Cash,Completed,TXN000516
517,16.75,App,Completed,TXN000517
518,17.25,Card,Completed,TXN000518
519,8.75,App,Completed,TXN000519
520,18.0,App,Completed,TXN000520
521,4.75,Cash,Completed,TXN000521
522,5.25,Cash,Completed,TXN000522
523,10.75,App,Completed,TXN000523
524,6.75,Cash,Completed,TXN000524
525,12.25,Cash,Completed,TXN000525
526,12.75,Cash,Completed,TXN000526
527,4.0,App,Completed,TXN000527
528,9.75,App,Completed,TXN000528
529,19.75,Card,Completed,TXN000529
530,7.25,Card,Completed,TXN000530
531,16.25,Card,Completed,TXN000531
532,13.5,App,Completed,TXN000532
533,19.0,Card,Completed,TXN000533
534,17.5,App,Completed,TXN000534
535,4.75,Cash,Completed,TXN000535
536,18.0,Card,Completed,TXN000536
537,10.5,App,Completed,TXN000537
538,10.0,App,Completed,TXN000538
539,7.75,Card,Completed,TXN000539
540,15.25,App,Completed,TXN000540
541,8.75,Cash,Completed,TXN000541
542,9.25,Card,Completed,TXN000542
543,10.0,Card,Completed,TXN000543
544,18.25,Card,Completed,TXN000544
545,11.5,Card,Completed,TXN000545
546,22.75,Cash,Completed,TXN000546
547,18.5,App,Completed,TXN000547
548,14.5,Cash,Completed,TXN000548
549,12.5,App,Completed,TXN000549
550,22.25,App,Completed,TXN000550
551,13.0,App,Completed,TXN000551
552,6.5,Cash,Completed,TXN000552
553,11.25,App,Completed,TXN000553
554,4.5,Card,Completed,TXN000554
555,8.75,Card,Completed,TXN000555
556,14.0,Cash,Completed,TXN000556
557,13.0,Cash,Completed,TXN000557
558,8.0,Card,Completed,TXN000558
559,10.25,Cash,Completed,TXN000559
560,16.0,App,Completed,TXN000560
561,16.75,App,Completed,TXN000561
562,6.0,Cash,Completed,TXN000562
563,18.0,App,Completed,TXN000563
564,10.25,Card,Completed,TXN000564
565,20.5,Cash,Completed,TXN000565
566,2.75,App,Completed,TXN000566
567,4.75,Card,Completed,TXN000567
568,20.0,Cash,Completed,TXN000568
569,10.75,Cash,Completed,TXN000569
570,10.0,App,Completed,TXN000570
571,17.25,App,Completed,TXN000571
572,15.75,App,Completed,TXN000572
573,6.5,Card,Completed,TXN000573
574,6.0,Card,Completed,TXN000574
575,13.0,Card,Completed,TXN000575
576,11.75,Card,Completed,TXN000576
577,7.75,Card,Completed,TXN000577
578,9.5,App,Completed,TXN000578
579,4.75,Card,Completed,TXN000579
580,9.5,App,Completed,TXN000580
581,9.0,Cash,Completed,TXN000581
582,4.0,Card,Completed,TXN000582
583,11.5,Card,Completed,TXN000583
584,17.5,App,Completed,TXN000584
585,14.5,App,Completed,TXN000585
586,18.0,Cash,Completed,TXN000586
587,7.25,App,Completed,TXN000587
588,11.25,Card,Completed,TXN000588
589,12.5,Cash,Completed,TXN000589
590,8.5,Card,Completed,TXN000590
591,3.25,App,Completed,TXN000591
592,11.75,Cash,Completed,TXN000592
593,7.75,Card,Completed,TXN000593
594,8.75,Card,Completed,TXN000594
595,3.25,App,Completed,TXN000595
596,15.5,Card,Completed,TXN000596
597,19.5,Card,Completed,TXN000597
598,23.25,App,Completed,TXN000598
599,7.0,App,Completed,TXN000599
600,11.25,Cash,Completed,TXN000600
601,7.5,Cash,Completed,TXN000601
602,3.25,App,Completed,TXN000602
603,12.0,Cash,Completed,TXN000603
604,12.75,Card,Completed,TXN000604
605,14.0,Cash,Completed,TXN000605
606,8.0,App,Completed,TXN000606
607,8.0,App,Completed,TXN000607
608,10.25,App,Completed,TXN000608
609,14.0,Card,Completed,TXN000609
610,17.25,Card,Completed,TXN000610
611,14.5,App,Completed,TXN000611
612,4.0,Cash,Completed,TXN000612
613,10.75,Card,Completed,TXN000613
614,17.0,App,Completed,TXN000614
615,4.25,Cash,Completed,TXN000615
616,8.5,Card,Completed,TXN000616
617,16.5,Cash,Completed,TXN000617
618,11.0,Cash,Completed,TXN000618
619,9.25,Cash,Completed,TXN000619
620,15.25,App,Completed,TXN000620
621,4.25,Card,Completed,TXN000621
622,19.25,Cash,Completed,TXN000622
623,9.25,Card,Completed,TXN000623
624,7.0,App,Completed,TXN000624
625,10.75,App,Completed,TXN000625
626,18.0,Cash,Completed,TXN000626
627,17.0,Cash,Completed,TXN000627
628,3.0,App,Completed,TXN000628
629,13.5,Cash,Completed,TXN000629
630,15.75,Cash,Completed,TXN000630
631,6.0,App,Completed,TXN000631
632,4.0,App,Completed,TXN000632
633,16.75,Card,Completed,TXN000633
634,19.0,Cash,Completed,TXN000634
635,9.25,Card,Completed,TXN000635
636,8.75,Card,Completed,TXN000636
637,9.25,Card,Completed,TXN000637
638,14.25,App,Completed,TXN000638
639,11.0,Card,Completed,TXN000639
640,9.75,Cash,Completed,TXN000640
641,19.75,App,Completed,TXN000641
642,15.5,Cash,Completed,TXN000642
643,4.5,Card,Completed,TXN000643
644,8.25,App,Completed,TXN000644
645,4.5,Card,Completed,TXN000645
646,7.5,Cash,Completed,TXN000646
647,16.0,App,Completed,TXN000647
648,4.75,Card,Completed,TXN000648
649,11.75,Card,Completed,TXN000649
650,16.0,Cash,Completed,TXN000650
651,9.25,App,Completed,TXN000651
652,13.5,Card,Completed,TXN000652
653,6.0,App,Completed,TXN000653
654,18.25,App,Completed,TXN000654
655,2.75,App,Completed,TXN000655
656,20.5,Cash,Completed,TXN000656
657,11.0,Cash,Completed,TXN000657
658,3.25,App,Completed,TXN000658
659,4.25,App,Completed,TXN000659
660,7.25,App,Completed,TXN000660
661,5.25,Card,Completed,TXN000661
662,12.5,Cash,Completed,TXN000662
663,11.0,App,Completed,TXN000663
664,4.5,App,Completed,TXN000664
665,15.75,Card,Completed,TXN000665
666,22.25,App,Completed,TXN000666
667,3.25,App,Completed,TXN000667
668,16.25,Cash,Completed,TXN000668
669,9.75,Card,Completed,TXN000669
670,24.75,Card,Completed,TXN000670
671,14.25,Cash,Completed,TXN000671
672,2.75,Cash,Completed,TXN000672
673,9.0,Cash,Completed,TXN000673
674,4.0,Cash,Completed,TXN000674
675,12.75,Card,Completed,TXN000675
676,2.75,App,Completed,TXN000676
677,6.5,Cash,Completed,TXN000677
678,16.25,App,Completed,TXN000678
679,23.25,Cash,Completed,TXN000679
680,9.25,App,Completed,TXN000680
681,16.5,Card,Completed,TXN000681
682,6.5,App,Completed,TXN000682
683,10.0,App,Completed,TXN000683
684,19.0,Cash,Completed,TXN000684
685,16.0,App,Completed,TXN000685
686,15.75,App,Completed,TXN000686
687,13.25,Cash,Completed,TXN000687
688,5.25,Card,Completed,TXN000688
689,16.5,Cash,Completed,TXN000689
690,9.5,Cash,Completed,TXN000690
691,10.5,Card,Completed,TXN000691
692,9.25,Cash,Completed,TXN000692
693,19.0,App,Completed,TXN000693
694,8.5,App,Completed,TXN000694
695,13.75,Card,Completed,TXN000695
696,2.75,Cash,Completed,TXN000696
697,13.25,Cash,Completed,TXN000697
698,5.25,App,Completed,TXN000698
699,16.75,Cash,Completed,TXN000699
700,13.75,Card,Completed,TXN000700
701,17.5,Cash,Completed,TXN000701
702,4.25,Cash,Completed,TXN000702
703,15.0,App,Completed,TXN000703
704,4.25,Cash,Completed,TXN000704
705,3.25,App,Completed,TXN000705
706,4.5,Cash,Completed,TXN000706
707,20.0,App,Completed,TXN000707
708,13.0,App,Completed,TXN000708
709,6.0,Cash,Completed,TXN000709
710,16.5,Card,Completed,TXN000710
711,7.25,Cash,Completed,TXN000711
712,22.75,Card,Completed,TXN000712
713,16.0,Cash,Completed,TXN000713
714,14.75,Cash,Completed,TXN000714
715,7.5,Card,Completed,TXN000715
716,15.5,Card,Completed,TXN000716
717,4.5,Cash,Completed,TXN000717
718,9.25,Card,Completed,TXN000718
719,4.0,App,Completed,TXN000719
720,17.0,Cash,Completed,TXN000720
721,18.0,Cash,Completed,TXN000721
722,8.5,App,Completed,TXN000722
723,10.0,Card,Completed,TXN000723
724,10.25,App,Completed,TXN000724
725,5.25,Card,Completed,TXN000725
726,6.5,Card,Completed,TXN000726
727,20.5,App,Completed,TXN000727
728,4.25,Cash,Completed,TXN000728
729,15.5,Card,Completed,TXN000729
730,7.75,Card,Completed,TXN000730
731,11.5,App,Completed,TXN000731
732,11.75,App,Completed,TXN000732
733,14.5,App,Completed,TXN000733
734,14.25,App,Completed,TXN000734
735,4.5,Cash,Completed,TXN000735
736,16.75,Cash,Completed,TXN000736
737,16.0,Card,Completed,TXN000737
738,14.25,App,Completed,TXN000738
739,3.25,Cash,Completed,TXN000739
740,3.0,App,Completed,TXN000740
741,13.5,Cash,Completed,TXN000741
742,14.25,App,Completed,TXN000742
743,9.25,Cash,Completed,TXN000743
744,3.0,Cash,Completed,TXN000744
745,19.75,App,Completed,TXN000745
746,4.5,App,Completed,TXN000746
747,6.25,Cash,Completed,TXN000747
748,15.75,App,Completed,TXN000748
749,3.25,Card,Completed,TXN000749
750,21.0,Card,Completed,TXN000750
751,13.0,App,Completed,TXN000751
752,8.25,Card,Completed,TXN000752
753,4.0,App,Completed,TXN000753
754,4.5,Cash,Completed,TXN000754
755,9.25,Card,Completed,TXN000755
756,4.5,Card,Completed,TXN000756
757,20.5,Cash,Completed,TXN000757
758,18.25,Cash,Completed,TXN000758
759,18.5,Cash,Completed,TXN000759
760,9.25,Cash,Completed,TXN000760
761,7.5,Cash,Completed,TXN000761
762,9.25,Cash,Completed,TXN000762
763,15.25,App,Completed,TXN000763
764,3.25,Card,Completed,TXN000764
765,3.0,Card,Completed,TXN000765
766,10.0,Cash,Completed,TXN000766
767,11.5,Cash,Completed,TXN000767
768,14.0,Cash,Completed,TXN000768
769,6.5,App,Completed,TXN000769
770,7.0,Card,Completed,TXN000770
771,7.0,App,Completed,TXN000771
772,5.5,Cash,Completed,TXN000772
773,17.5,Card,Completed,TXN000773
774,8.75,Card,Completed,TXN000774
775,16.0,Card,Completed,TXN000775
776,18.75,Cash,Completed,TXN000776
777,6.25,Cash,Completed,TXN000777
778,7.0,App,Completed,TXN000778
779,9.75,Cash,Completed,TXN000779
780,21.75,Card,Completed,TXN000780
781,16.75,App,Completed,TXN000781
782,16.75,Cash,Completed,TXN000782
783,7.0,Card,Completed,TXN000783
784,17.25,Card,Completed,TXN000784
785,3.0,App,Completed,TXN000785
786,17.5,App,Completed,TXN000786
787,19.5,Cash,Completed,TXN000787
788,15.25,Card,Completed,TXN000788
789,15.0,Cash,Completed,TXN000789
790,19.5,Cash,Completed,TXN000790
791,14.0,Cash,Completed,TXN000791
792,17.0,Card,Completed,TXN000792
793,2.75,Cash,Completed,TXN000793
794,2.75,Card,Completed,TXN000794
795,16.25,Cash,Completed,TXN000795
796,17.25,Card,Completed,TXN000796
797,14.0,Cash,Completed,TXN000797
798,13.5,Cash,Completed,TXN000798
799,14.5,Cash,Completed,TXN000799
800,11.75,App,Completed,TXN000800
801,7.0,App,Completed,TXN000801
802,13.5,App,Completed,TXN000802
803,15.25,Card,Completed,TXN000803
804,17.25,App,Completed,TXN000804
805,7.0,Card,Completed,TXN000805
806,4.5,Cash,Completed,TXN000806
807,7.25,Cash,Completed,TXN000807
808,6.0,Card,Completed,TXN000808
809,6.0,Card,Completed,TXN000809
810,4.0,App,Completed,TXN000810
811,6.5,Cash,Completed,TXN000811
812,11.25,Cash,Completed,TXN000812
813,7.0,Cash,Completed,TXN000813
814,6.5,Cash,Completed,TXN000814
815,3.0,Cash,Completed,TXN000815
816,19.75,Cash,Completed,TXN000816
817,12.25,Card,Completed,TXN000817
818,13.25,Cash,Completed,TXN000818
819,16.5,App,Completed,TXN000819
820,4.75,App,Completed,TXN000820
821,23.75,Card,Completed,TXN000821
822,6.5,App,Completed,TXN000822
823,10.5,Cash,Completed,TXN000823
824,15.25,Cash,Completed,TXN000824
825,4.75,Cash,Completed,TXN000825
826,9.25,App,Completed,TXN000826
827,4.0,Card,Completed,TXN000827
828,4.75,Card,Completed,TXN000828
829,17.0,Card,Completed,TXN000829
830,16.5,App,Completed,TXN000830
831,10.5,App,Completed,TXN000831
832,7.0,Cash,Completed,TXN000832
833,3.25,Cash,Completed,TXN000833
834,5.25,Card,Completed,TXN000834
835,4.5,Cash,Completed,TXN000835
836,13.75,Cash,Completed,TXN000836
837,16.75,Cash,Completed,TXN000837
838,6.5,App,Completed,TXN000838
839,3.25,Card,Completed,TXN000839
840,6.5,Card,Completed,TXN000840
841,4.5,App,Completed,TXN000841
842,11.0,App,Completed,TXN000842
843,17.75,Card,Completed,TXN000843
844,14.5,Card,Completed,TXN000844
845,9.0,App,Completed,TXN000845
846,22.0,Cash,Completed,TXN000846
847,16.0,App,Completed,TXN000847
848,8.25,Cash,Completed,TXN000848
849,7.25,Card,Completed,TXN000849
850,12.0,Cash,Completed,TXN000850
851,11.25,Card,Completed,TXN000851
852,13.0,Cash,Completed,TXN000852
853,3.0,Card,Completed,TXN000853
854,8.25,Cash,Completed,TXN000854
855,8.5,Card,Completed,TXN000855
856,2.75,Card,Completed,TXN000856
857,11.75,Cash,Completed,TXN000857
858,9.5,Card,Completed,TXN000858
859,13.25,Cash,Completed,TXN000859
860,12.25,App,Completed,TXN000860
861,21.0,Cash,Completed,TXN000861
862,20.0,App,Completed,TXN000862
863,18.5,App,Completed,TXN000863
864,10.5,App,Completed,TXN000864
865,15.75,Cash,Completed,TXN000865
866,16.25,Card,Completed,TXN000866
867,16.0,Cash,Completed,TXN000867
868,8.5,Card,Completed,TXN000868
869,14.25,Cash,Completed,TXN000869
870,14.0,Cash,Completed,TXN000870
871,4.0,App,Completed,TXN000871
872,6.5,Cash,Completed,TXN000872
873,24.0,Card,Completed,TXN000873
874,12.5,App,Completed,TXN000874
875,13.25,Cash,Completed,TXN000875
876,11.25,Card,Completed,TXN000876
877,12.5,Cash,Completed,TXN000877
878,16.25,Card,Completed,TXN000878
879,13.25,Cash,Completed,TXN000879
880,17.0,Card,Completed,TXN000880
881,6.5,Card,Completed,TXN000881
882,6.0,App,Completed,TXN000882
883,19.5,Card,Completed,TXN000883
884,17.75,Cash,Completed,TXN000884
885,12.5,App,Completed,TXN000885
886,17.75,Cash,Completed,TXN000886
887,13.25,Card,Completed,TXN000887
888,16.75,Cash,Completed,TXN000888
889,16.25,Card,Completed,TXN000889
890,20.0,Card,Completed,TXN000890
891,14.5,App,Completed,TXN000891
892,9.25,Cash,Completed,TXN000892
893,10.75,Card,Completed,TXN000893
894,4.75,Card,Completed,TXN000894
895,7.5,App,Completed,TXN000895
896,7.0,Card,Completed,TXN000896
897,3.25,App,Completed,TXN000897
898,18.5,Card,Completed,TXN000898
899,3.0,Card,Completed,TXN000899
900,8.75,App,Completed,TXN000900
901,2.75,Card,Completed,TXN000901
902,19.5,Card,Completed,TXN000902
903,14.25,Card,Completed,TXN000903
904,4.5,App,Completed,TXN000904
905,8.5,Cash,Completed,TXN000905
906,7.0,App,Completed,TXN000906
907,2.75,Cash,Completed,TXN000907
908,24.0,App,Completed,TXN000908
909,4.0,Card,Completed,TXN000909
910,3.0,Cash,Completed,TXN000910
911,7.5,Cash,Completed,TXN000911
912,12.75,Cash,Completed,TXN000912
913,5.5,Cash,Completed,TXN000913
914,20.5,Card,Completed,TXN000914
915,5.25,Card,Completed,TXN000915
916,11.5,App,Completed,TXN000916
917,10.5,Cash,Completed,TXN000917
918,15.25,App,Completed,TXN000918
919,2.75,Cash,Completed,TXN000919
920,18.25,Card,Completed,TXN000920
921,16.0,Cash,Completed,TXN000921
922,21.0,Card,Completed,TXN000922
923,2.75,App,Completed,TXN000923
924,8.25,Cash,Completed,TXN000924
925,16.5,Cash,Completed,TXN000925
926,17.5,Card,Completed,TXN000926
927,9.5,App,Completed,TXN000927
928,2.75,Card,Completed,TXN000928
929,8.75,App,Completed,TXN000929
930,9.5,Card,Completed,TXN000930
931,3.25,Card,Completed,TXN000931
932,7.5,App,Completed,TXN000932
933,16.5,App,Completed,TXN000933
934,9.25,App,Completed,TXN000934
935,9.5,Cash,Completed,TXN000935
936,15.75,App,Completed,TXN000936
937,6.5,Cash,Completed,TXN000937
938,4.25,Card,Completed,TXN000938
939,8.5,Cash,Completed,TXN000939
940,2.75,Card,Completed,TXN000940
941,14.5,Card,Completed,TXN000941
942,5.25,App,Completed,TXN000942
943,17.25,Cash,Completed,TXN000943
944,13.75,Card,Completed,TXN000944
945,16.5,Card,Completed,TXN000945
946,14.0,Cash,Completed,TXN000946
947,19.75,App,Completed,TXN000947
948,3.25,Cash,Completed,TXN000948
949,4.25,Card,Completed,TXN000949
950,11.0,Cash,Completed,TXN000950
951,9.5,App,Completed,TXN000951
952,6.0,App,Completed,TXN000952
953,13.5,Cash,Completed,TXN000953
954,2.75,Cash,Completed,TXN000954
955,19.0,App,Completed,TXN000955
956,14.5,Card,Completed,TXN000956
957,14.75,App,Completed,TXN000957
958,16.0,Cash,Completed,TXN000958
959,13.5,App,Completed,TXN000959
960,4.75,Cash,Completed,TXN000960
961,16.5,App,Completed,TXN000961
962,2.75,App,Completed,TXN000962
963,4.25,Card,Completed,TXN000963
964,7.0,App,Completed,TXN000964
965,11.0,Cash,Completed,TXN000965
966,10.25,Cash,Completed,TXN000966
967,15.5,Cash,Completed,TXN000967
968,14.75,App,Completed,TXN000968
969,13.5,App,Completed,TXN000969
970,4.5,App,Completed,TXN000970
971,7.0,Card,Completed,TXN000971
972,8.5,App,Completed,TXN000972
973,6.5,Card,Completed,TXN000973
974,12.0,App,Completed,TXN000974
975,4.75,Cash,Completed,TXN000975
976,4.75,Cash,Completed,TXN000976
977,13.5,Cash,Completed,TXN000977
978,20.25,App,Completed,TXN000978
979,5.25,Cash,Completed,TXN000979
980,10.0,Card,Completed,TXN000980
981,10.0,Card,Completed,TXN000981
982,4.5,Card,Completed,TXN000982
983,15.25,App,Completed,TXN000983
984,11.25,App,Completed,TXN000984
985,7.5,App,Completed,TXN000985
986,14.25,Card,Completed,TXN000986
987,12.25,App,Completed,TXN000987
988,18.5,Cash,Completed,TXN000988
989,8.5,Cash,Completed,TXN000989
990,16.5,App,Completed,TXN000990
991,4.0,App,Completed,TXN000991
992,11.0,App,Completed,TXN000992
993,17.5,Card,Completed,TXN000993
994,19.0,App,Completed,TXN000994
995,4.25,Cash,Completed,TXN000995
996,16.0,App,Completed,TXN000996
997,11.0,Card,Completed,TXN000997
998,9.25,Cash,Completed,TXN000998
999,11.75,App,Completed,TXN000999
1000,5.25,App,Completed,TXN001000
1001,4.0,App,Completed,TXN001001
1002,25.0,App,Completed,TXN001002
1003,3.25,App,Completed,TXN001003
1004,11.75,App,Completed,TXN001004
1005,8.75,Cash,Completed,TXN001005
1006,12.5,Cash,Completed,TXN001006
1007,12.25,Cash,Completed,TXN001007
1008,11.0,App,Completed,TXN001008
1009,2.75,App,Completed,TXN001009
1010,10.25,Cash,Completed,TXN001010
1011,10.75,Card,Completed,TXN001011
1012,18.25,Card,Completed,TXN001012
1013,12.75,Card,Completed,TXN001013
1014,17.75,Cash,Completed,TXN001014
1015,5.25,Cash,Completed,TXN001015
1016,15.25,Card,Completed,TXN001016
1017,17.25,Cash,Completed,TXN001017
1018,4.5,Cash,Completed,TXN001018
1019,15.25,Card,Completed,TXN001019
1020,3.25,Cash,Completed,TXN001020
1021,3.25,Cash,Completed,TXN001021
1022,8.5,Card,Completed,TXN001022
1023,23.25,App,Completed,TXN001023
1024,8.75,Card,Completed,TXN001024
1025,6.25,Cash,Completed,TXN001025
1026,8.0,Cash,Completed,TXN001026
1027,11.25,App,Completed,TXN001027
1028,4.25,Card,Completed,TXN001028
1029,3.25,Cash,Completed,TXN001029
1030,13.0,Cash,Completed,TXN001030
1031,10.25,App,Completed,TXN001031
1032,18.0,Cash,Completed,TXN001032
1033,11.0,App,Completed,TXN001033
1034,18.75,App,Completed,TXN001034
1035,13.75,Cash,Completed,TXN001035
1036,8.75,App,Completed,TXN001036
1037,5.25,Cash,Completed,TXN001037
1038,13.5,Cash,Completed,TXN001038
1039,12.5,Cash,Completed,TXN001039
1040,13.25,App,Completed,TXN001040
1041,11.25,App,Completed,TXN001041
1042,11.5,Card,Completed,TXN001042
1043,7.0,Cash,Completed,TXN001043
1044,13.5,App,Completed,TXN001044
1045,21.0,App,Completed,TXN001045
1046,8.0,Cash,Completed,TXN001046
1047,19.25,Cash,Completed,TXN001047
1048,11.25,Cash,Completed,TXN001048
1049,4.25,App,Completed,TXN001049
1050,18.75,Card,Completed,TXN001050
1051,4.25,Card,Completed,TXN001051
1052,3.0,Cash,Completed,TXN001052
1053,5.25,App,Completed,TXN001053
1054,6.75,App,Completed,TXN001054
1055,3.0,App,Completed,TXN001055
1056,7.0,App,Completed,TXN001056
1057,6.5,Card,Completed,TXN001057
1058,7.75,App,Completed,TXN001058
1059,4.0,Card,Completed,TXN001059
1060,2.75,App,Completed,TXN001060
1061,10.25,App,Completed,TXN001061
1062,8.75,Card,Completed,TXN001062
1063,14.25,Card,Completed,TXN001063
1064,9.75,Card,Completed,TXN001064
1065,15.5,Card,Completed,TXN001065
1066,16.25,Cash,Completed,TXN001066
1067,8.5,App,Completed,TXN001067
1068,7.75,Cash,Completed,TXN001068
1069,5.25,App,Completed,TXN001069
1070,17.75,Card,Completed,TXN001070
1071,10.5,Cash,Completed,TXN001071
1072,8.25,Cash,Completed,TXN001072
1073,3.25,Card,Completed,TXN001073
1074,16.25,App,Completed,TXN001074
1075,3.0,Card,Completed,TXN001075
1076,12.5,Cash,Completed,TXN001076
1077,11.75,App,Completed,TXN001077
1078,6.25,Card,Completed,TXN001078
1079,15.75,App,Completed,TXN001079
1080,8.5,Card,Completed,TXN001080
1081,11.75,Card,Completed,TXN001081
1082,10.75,Cash,Completed,TXN001082
1083,8.5,App,Completed,TXN001083
1084,11.5,Card,Completed,TXN001084
1085,5.25,Card,Completed,TXN001085
1086,13.25,App,Completed,TXN001086
1087,10.25,Cash,Completed,TXN001087
1088,7.75,Cash,Completed,TXN001088
1089,15.0,App,Completed,TXN001089
1090,8.5,Card,Completed,TXN001090
1091,13.75,App,Completed,TXN001091
1092,10.0,Card,Completed,TXN001092
1093,3.0,Card,Completed,TXN001093
1094,18.0,App,Completed,TXN001094
1095,11.75,Card,Completed,TXN001095
1096,19.25,Cash,Completed,TXN001096
1097,11.25,Card,Completed,TXN001097
1098,10.5,Cash,Completed,TXN001098
1099,10.0,App,Completed,TXN001099
1100,8.0,Cash,Completed,TXN001100
1101,2.75,Cash,Completed,TXN001101
1102,14.5,Card,Completed,TXN001102
1103,11.0,Cash,Completed,TXN001103
1104,17.0,Card,Completed,TXN001104
1105,15.0,Cash,Completed,TXN001105
1106,4.25,Cash,Completed,TXN001106
1107,16.75,Cash,Completed,TXN001107
1108,4.5,Cash,Completed,TXN001108
1109,6.0,Cash,Completed,TXN001109
1110,13.75,App,Completed,TXN001110
1111,5.5,Card,Completed,TXN001111
1112,14.5,Cash,Completed,TXN001112
1113,11.25,Card,Completed,TXN001113
1114,19.25,Card,Completed,TXN001114
1115,4.0,Cash,Completed,TXN001115
1116,12.0,Card,Completed,TXN001116
1117,4.25,App,Completed,TXN001117
1118,10.25,Cash,Completed,TXN001118
1119,13.75,App,Completed,TXN001119
1120,22.75,Card,Completed,TXN001120
1121,13.75,Cash,Completed,TXN001121
1122,5.25,App,Completed,TXN001122
1123,14.25,Cash,Completed,TXN001123
1124,3.25,Cash,Completed,TXN001124
1125,14.5,Card,Completed,TXN001125
1126,10.25,App,Completed,TXN001126
1127,7.5,App,Completed,TXN001127
1128,21.0,App,Completed,TXN001128
1129,8.0,App,Completed,TXN001129
1130,4.75,Card,Completed,TXN001130
1131,4.25,App,Completed,TXN001131
1132,10.5,App,Completed,TXN001132
1133,4.0,Cash,Completed,TXN001133
1134,4.5,App,Completed,TXN001134
1135,9.0,Cash,Completed,TXN001135
1136,3.25,Card,Completed,TXN001136
1137,6.5,App,Completed,TXN001137
1138,7.0,Cash,Completed,TXN001138
1139,2.75,App,Completed,TXN001139
1140,11.0,App,Completed,TXN001140
1141,7.0,App,Completed,TXN001141
1142,5.25,Card,Completed,TXN001142
1143,4.25,Card,Completed,TXN001143
1144,2.75,Cash,Completed,TXN001144
1145,18.75,Cash,Completed,TXN001145
1146,18.0,Card,Completed,TXN001146
1147,18.5,App,Completed,TXN001147
1148,7.5,Cash,Completed,TXN001148
1149,10.0,Card,Completed,TXN001149
1150,10.75,Cash,Completed,TXN001150
1151,15.0,Cash,Completed,TXN001151
1152,3.0,Card,Completed,TXN001152
1153,11.25,Card,Completed,TXN001153
1154,21.0,App,Completed,TXN001154
1155,4.75,App,Completed,TXN001155
1156,8.25,Cash,Completed,TXN001156
1157,12.25,Cash,Completed,TXN001157
1158,17.0,App,Completed,TXN001158
1159,14.5,App,Completed,TXN001159
1160,14.0,App,Completed,TXN001160
1161,8.75,App,Completed,TXN001161
1162,3.25,Cash,Completed,TXN001162
1163,3.0,Card,Completed,TXN001163
1164,9.75,Cash,Completed,TXN001164
1165,10.5,App,Completed,TXN001165
1166,17.25,Cash,Completed,TXN001166
1167,8.0,Card,Completed,TXN001167
1168,18.5,Card,Completed,TXN001168
1169,9.0,App,Completed,TXN001169
1170,19.5,App,Completed,TXN001170
1171,17.75,App,Completed,TXN001171
1172,23.5,Card,Completed,TXN001172
1173,11.5,Card,Completed,TXN001173
1174,5.25,Cash,Completed,TXN001174
1175,6.5,Card,Completed,TXN001175
1176,7.0,Cash,Completed,TXN001176
1177,10.25,Cash,Completed,TXN001177
1178,14.25,Cash,Completed,TXN001178
1179,12.75,Cash,Completed,TXN001179
1180,17.25,App,Completed,TXN001180
1181,16.75,Card,Completed,TXN001181
1182,10.5,Cash,Completed,TXN001182
1183,11.75,Card,Completed,TXN001183
1184,12.25,App,Completed,TXN001184
1185,17.0,Card,Completed,TXN001185
1186,4.25,Card,Completed,TXN001186
1187,6.5,Cash,Completed,TXN001187
1188,4.75,Card,Completed,TXN001188
1189,9.0,App,Completed,TXN001189
1190,20.25,Cash,Completed,TXN001190
1191,18.5,Cash,Completed,TXN001191
1192,16.25,Card,Completed,TXN001192
1193,20.5,Cash,Completed,TXN001193
1194,11.25,App,Completed,TXN001194
1195,3.25,Card,Completed,TXN001195
1196,3.0,Cash,Completed,TXN001196
1197,11.0,Card,Completed,TXN001197
1198,15.0,App,Completed,TXN001198
1199,8.75,Cash,Completed,TXN001199
1200,3.25,Cash,Completed,TXN001200
1201,4.0,App,Completed,TXN001201
1202,14.75,App,Completed,TXN001202
1203,15.75,App,Completed,TXN001203
1204,8.25,Cash,Completed,TXN001204
1205,13.25,Card,Completed,TXN001205
1206,4.25,Cash,Completed,TXN001206
1207,12.5,App,Completed,TXN001207
1208,7.0,Cash,Completed,TXN001208
1209,17.0,Card,Completed,TXN001209
1210,3.25,App,Completed,TXN001210
1211,21.0,App,Completed,TXN001211
1212,13.25,App,Completed,TXN001212
1213,11.25,App,Completed,TXN001213
1214,8.25,Cash,Completed,TXN001214
1215,19.0,App,Completed,TXN001215
1216,9.75,App,Completed,TXN001216
1217,14.75,App,Completed,TXN001217
1218,16.75,App,Completed,TXN001218
1219,11.25,Card,Completed,TXN001219
1220,4.75,Cash,Completed,TXN001220
1221,17.5,App,Completed,TXN001221
1222,14.75,Cash,Completed,TXN001222
1223,2.75,App,Completed,TXN001223
1224,10.0,App,Completed,TXN001224
1225,20.0,Card,Completed,TXN001225
1226,15.5,App,Completed,TXN001226
1227,11.75,Cash,Completed,TXN001227
1228,3.0,App,Completed,TXN001228
1229,19.75,Card,Completed,TXN001229
1230,16.25,App,Completed,TXN001230
1231,7.25,Cash,Completed,TXN001231
1232,9.25,Cash,Completed,TXN001232
1233,21.5,App,Completed,TXN001233
1234,7.25,App,Completed,TXN001234
1235,2.75,Cash,Completed,TXN001235
1236,11.25,Cash,Completed,TXN001236
1237,6.5,Cash,Completed,TXN001237
1238,15.5,Card,Completed,TXN001238
1239,5.25,App,Completed,TXN001239
1240,12.75,Cash,Completed,TXN001240
1241,11.0,App,Completed,TXN001241
1242,2.75,App,Completed,TXN001242
1243,14.75,Card,Completed,TXN001243
1244,12.5,App,Completed,TXN001244
1245,4.5,Card,Completed,TXN001245
1246,15.25,Cash,Completed,TXN001246
1247,7.0,App,Completed,TXN001247
1248,19.0,App,Completed,TXN001248
1249,11.25,App,Completed,TXN001249
1250,5.25,Card,Completed,TXN001250
1251,5.25,App,Completed,TXN001251
1252,8.5,Cash,Completed,TXN001252
1253,8.0,Card,Completed,TXN001253
1254,4.0,Card,Completed,TXN001254
1255,10.5,Cash,Completed,TXN001255
1256,16.75,App,Completed,TXN001256
1257,18.0,Cash,Completed,TXN001257
1258,2.75,Cash,Completed,TXN001258
1259,17.0,Card,Completed,TXN001259
1260,11.5,App,Completed,TXN001260
1261,20.0,Card,Completed,TXN001261
1262,4.0,App,Completed,TXN001262
1263,14.0,Cash,Completed,TXN001263
1264,17.75,App,Completed,TXN001264
1265,14.0,Cash,Completed,TXN001265
1266,5.25,Cash,Completed,TXN001266
1267,14.5,Cash,Completed,TXN001267
1268,4.0,App,Completed,TXN001268
1269,6.5,Cash,Completed,TXN001269
1270,18.5,Card,Completed,TXN001270
1271,6.5,Cash,Completed,TXN001271
1272,9.0,Card,Completed,TXN001272
1273,17.5,Card,Completed,TXN001273
1274,12.75,Card,Completed,TXN001274
1275,7.0,Card,Completed,TXN001275
1276,11.0,Card,Completed,TXN001276
1277,12.5,App,Completed,TXN001277
1278,11.25,Card,Completed,TXN001278
1279,18.75,Card,Completed,TXN001279
1280,4.25,Card,Completed,TXN001280
1281,11.75,Card,Completed,TXN001281
1282,4.75,Cash,Completed,TXN001282
1283,14.0,App,Completed,TXN001283
1284,14.5,Cash,Completed,TXN001284
1285,17.0,Card,Completed,TXN001285
1286,9.75,Cash,Completed,TXN001286
1287,17.75,Card,Completed,TXN001287
1288,3.25,Cash,Completed,TXN001288
1289,10.75,Card,Completed,TXN001289
1290,18.0,Card,Completed,TXN001290
1291,17.25,Card,Completed,TXN001291
1292,12.25,Cash,Completed,TXN001292
1293,16.25,Card,Completed,TXN001293
1294,11.75,Cash,Completed,TXN001294
1295,17.75,Cash,Completed,TXN001295
1296,10.5,Cash,Completed,TXN001296
1297,8.75,App,Completed,TXN001297
1298,20.5,App,Completed,TXN001298
1299,8.5,Cash,Completed,TXN001299
1300,5.25,Cash,Completed,TXN001300
1301,4.75,App,Completed,TXN001301
1302,6.5,App,Completed,TXN001302
1303,21.75,Cash,Completed,TXN001303
1304,18.25,App,Completed,TXN001304
1305,14.25,Cash,Completed,TXN001305
1306,18.0,App,Completed,TXN001306
1307,10.0,Card,Completed,TXN001307
1308,9.25,Card,Completed,TXN001308
1309,18.0,Cash,Completed,TXN001309
1310,22.75,Card,Completed,TXN001310
1311,16.75,Card,Completed,TXN001311
1312,9.25,Cash,Completed,TXN001312
1313,21.0,Cash,Completed,TXN001313
1314,12.5,Card,Completed,TXN001314
1315,9.25,Cash,Completed,TXN001315
1316,13.0,Cash,Completed,TXN001316
1317,4.0,App,Completed,TXN001317
1318,7.0,Card,Completed,TXN001318
1319,16.25,Cash,Completed,TXN001319
1320,15.0,App,Completed,TXN001320
1321,16.0,Card,Completed,TXN001321
1322,14.5,Card,Completed,TXN001322
1323,10.25,Cash,Completed,TXN001323
1324,20.5,Cash,Completed,TXN001324
1325,17.75,App,Completed,TXN001325
1326,4.0,Card,Completed,TXN001326
1327,8.5,App,Completed,TXN001327
1328,3.0,App,Completed,TXN001328
1329,8.75,App,Completed,TXN001329
1330,15.75,App,Completed,TXN001330
1331,20.0,Cash,Completed,TXN001331
1332,15.5,Cash,Completed,TXN001332
1333,21.0,App,Completed,TXN001333
1334,7.0,App,Completed,TXN001334
1335,4.25,Cash,Completed,TXN001335
1336,6.5,Cash,Completed,TXN001336
1337,12.75,Card,Completed,TXN001337
1338,14.5,Cash,Completed,TXN001338
1339,3.25,App,Completed,TXN001339
1340,11.5,Card,Completed,TXN001340
1341,3.25,Cash,Completed,TXN001341
1342,10.25,App,Completed,TXN001342
1343,17.75,Cash,Completed,TXN001343
1344,17.0,Card,Completed,TXN001344
1345,18.75,App,Completed,TXN001345
1346,2.75,App,Completed,TXN001346
1347,9.75,Card,Completed,TXN001347
1348,4.75,Cash,Completed,TXN001348
1349,12.25,App,Completed,TXN001349
1350,12.0,App,Completed,TXN001350
1351,8.25,Card,Completed,TXN001351
1352,17.0,Card,Completed,TXN001352
1353,8.25,Cash,Completed,TXN001353
1354,10.75,App,Completed,TXN001354
1355,20.25,Card,Completed,TXN001355
1356,16.5,Card,Completed,TXN001356
1357,8.25,Cash,Completed,TXN001357
1358,18.75,Cash,Completed,TXN001358
1359,12.5,Card,Completed,TXN001359
1360,15.25,App,Completed,TXN001360
1361,2.75,Cash,Completed,TXN001361
1362,4.0,Card,Completed,TXN001362
1363,10.75,App,Completed,TXN001363
1364,22.25,App,Completed,TXN001364
1365,8.75,Card,Completed,TXN001365
1366,2.75,Card,Completed,TXN001366
1367,11.75,App,Completed,TXN001367
1368,19.75,Card,Completed,TXN001368
1369,17.0,Cash,Completed,TXN001369
1370,2.75,App,Completed,TXN001370
1371,4.25,Card,Completed,TXN001371
1372,8.25,App,Completed,TXN001372
1373,9.25,Cash,Completed,TXN001373
1374,8.25,Cash,Completed,TXN001374
1375,9.25,Cash,Completed,TXN001375
1376,6.5,Cash,Completed,TXN001376
1377,7.75,App,Completed,TXN001377
1378,12.0,App,Completed,TXN001378
1379,7.0,App,Completed,TXN001379
1380,7.0,Cash,Completed,TXN001380
1381,11.25,Card,Completed,TXN001381
1382,2.75,App,Completed,TXN001382
1383,11.5,Cash,Completed,TXN001383
1384,9.5,Card,Completed,TXN001384
1385,18.5,App,Completed,TXN001385
1386,3.25,Card,Completed,TXN001386
1387,4.25,App,Completed,TXN001387
1388,7.0,Cash,Completed,TXN001388
1389,14.0,Cash,Completed,TXN001389
1390,4.25,Cash,Completed,TXN001390
1391,11.25,Cash,Completed,TXN001391
1392,6.5,Card,Completed,TXN001392
1393,19.5,Card,Completed,TXN001393
1394,12.0,Card,Completed,TXN001394
1395,17.75,Card,Completed,TXN001395
1396,14.75,Cash,Completed,TXN001396
1397,11.75,App,Completed,TXN001397
1398,7.5,Cash,Completed,TXN001398
1399,18.75,Card,Completed,TXN001399
1400,14.25,App,Completed,TXN001400
1401,6.5,Cash,Completed,TXN001401
1402,4.0,Cash,Completed,TXN001402
1403,19.0,App,Completed,TXN001403
1404,19.0,Card,Completed,TXN001404
1405,11.75,App,Completed,TXN001405
1406,18.0,Cash,Completed,TXN001406
1407,14.0,Cash,Completed,TXN001407
1408,12.25,Cash,Completed,TXN001408
1409,10.75,Card,Completed,TXN001409
1410,11.75,Cash,Completed,TXN001410
1411,12.0,Card,Completed,TXN001411
1412,18.25,App,Completed,TXN001412
1413,18.5,Cash,Completed,TXN001413
1414,16.5,Card,Completed,TXN001414
1415,14.75,App,Completed,TXN001415
1416,11.5,App,Completed,TXN001416
1417,15.25,App,Completed,TXN001417
1418,5.75,Card,Completed,TXN001418
1419,15.5,App,Completed,TXN001419
1420,8.25,Cash,Completed,TXN001420
1421,11.25,Cash,Completed,TXN001421
1422,19.5,App,Completed,TXN001422
1423,16.0,Cash,Completed,TXN001423
1424,11.25,App,Completed,TXN001424
1425,10.25,App,Completed,TXN001425
1426,3.25,App,Completed,TXN001426
1427,7.5,Card,Completed,TXN001427
1428,14.25,Cash,Completed,TXN001428
1429,9.75,App,Completed,TXN001429
1430,7.5,Cash,Completed,TXN001430
1431,16.75,App,Completed,TXN001431
1432,9.0,App,Completed,TXN001432
1433,2.75,Card,Completed,TXN001433
1434,2.75,Card,Completed,TXN001434
1435,10.75,App,Completed,TXN001435
1436,3.0,Card,Completed,TXN001436
1437,11.25,Cash,Completed,TXN001437
1438,16.0,App,Completed,TXN001438
1439,21.25,App,Completed,TXN001439
1440,6.5,App,Completed,TXN001440
1441,16.0,Card,Completed,TXN001441
1442,4.5,Cash,Completed,TXN001442
1443,6.0,App,Completed,TXN001443
1444,16.5,Card,Completed,TXN001444
1445,16.0,Card,Completed,TXN001445
1446,13.5,Cash,Completed,TXN001446
1447,5.25,Card,Completed,TXN001447
1448,8.75,Cash,Completed,TXN001448
1449,8.5,Cash,Completed,TXN001449
1450,8.25,Cash,Completed,TXN001450
1451,16.75,Card,Completed,TXN001451
1452,16.0,App,Completed,TXN001452
1453,22.0,Cash,Completed,TXN001453
1454,14.5,Card,Completed,TXN001454
1455,9.25,Cash,Completed,TXN001455
1456,3.25,Card,Completed,TXN001456
1457,6.5,Cash,Completed,TXN001457
1458,14.75,Card,Completed,TXN001458
1459,4.75,Cash,Completed,TXN001459
1460,11.0,Card,Completed,TXN001460
1461,16.25,Card,Completed,TXN001461
1462,11.5,Card,Completed,TXN001462
1463,6.5,Card,Completed,TXN001463
1464,4.0,Card,Completed,TXN001464
1465,20.5,App,Completed,TXN001465
1466,15.0,App,Completed,TXN001466
1467,4.25,App,Completed,TXN001467
1468,16.25,Cash,Completed,TXN001468
1469,9.75,App,Completed,TXN001469
1470,4.0,App,Completed,TXN001470
1471,12.75,Card,Completed,TXN001471
1472,17.25,Card,Completed,TXN001472
1473,6.75,Cash,Completed,TXN001473
1474,12.5,Cash,Completed,TXN001474
1475,13.5,Card,Completed,TXN001475
1476,9.0,Cash,Completed,TXN001476
1477,11.75,App,Completed,TXN001477
1478,7.0,Card,Completed,TXN001478
1479,3.25,App,Completed,TXN001479
1480,4.5,App,Completed,TXN001480
1481,15.0,Cash,Completed,TXN001481
1482,11.75,App,Completed,TXN001482
1483,6.5,App,Completed,TXN001483
1484,4.25,Cash,Completed,TXN001484
1485,16.0,App,Completed,TXN001485
1486,12.0,App,Completed,TXN001486
1487,19.5,Cash,Completed,TXN001487
1488,7.0,Card,Completed,TXN001488
1489,13.75,Cash,Completed,TXN001489
1490,4.75,Card,Completed,TXN001490
1491,3.25,App,Completed,TXN001491
1492,7.25,Cash,Completed,TXN001492
1493,16.5,App,Completed,TXN001493
1494,3.0,Card,Completed,TXN001494
1495,17.5,Card,Completed,TXN001495
1496,2.75,Card,Completed,TXN001496
1497,8.25,App,Completed,TXN001497
1498,11.0,Cash,Completed,TXN001498
1499,19.25,Cash,Completed,TXN001499
1500,4.25,Cash,Completed,TXN001500
1501,11.25,Card,Completed,TXN001501
1502,12.5,App,Completed,TXN001502
1503,11.75,Cash,Completed,TXN001503
1504,12.75,Card,Completed,TXN001504
1505,10.75,Card,Completed,TXN001505
1506,7.25,App,Completed,TXN001506
1507,7.25,Card,Completed,TXN001507
1508,3.0,Cash,Completed,TXN001508
1509,6.25,Cash,Completed,TXN001509
1510,7.5,App,Completed,TXN001510
1511,4.5,Card,Completed,TXN001511
1512,7.75,Cash,Completed,TXN001512
1513,6.5,Cash,Completed,TXN001513
1514,9.75,App,Completed,TXN001514
1515,14.5,App,Completed,TXN001515
1516,6.0,Cash,Completed,TXN001516
1517,15.5,Card,Completed,TXN001517
1518,6.0,Card,Completed,TXN001518
1519,20.5,Card,Completed,TXN001519
1520,11.0,App,Completed,TXN001520
1521,15.5,Cash,Completed,TXN001521
1522,9.75,Cash,Completed,TXN001522
1523,11.0,Card,Completed,TXN001523
1524,10.25,App,Completed,TXN001524
1525,5.25,App,Completed,TXN001525
1526,7.0,Cash,Completed,TXN001526
1527,13.0,Card,Completed,TXN001527
1528,7.0,Card,Completed,TXN001528
1529,17.5,Cash,Completed,TXN001529
1530,3.25,App,Completed,TXN001530
1531,6.5,Card,Completed,TXN001531
1532,12.0,Card,Completed,TXN001532
1533,10.75,App,Completed,TXN001533
1534,4.75,Card,Completed,TXN001534
1535,16.25,App,Completed,TXN001535
1536,10.25,Card,Completed,TXN001536
1537,16.75,Card,Completed,TXN001537
1538,14.0,Cash,Completed,TXN001538
1539,13.0,App,Completed,TXN001539
1540,21.75,Card,Completed,TXN001540
1541,6.5,App,Completed,TXN001541
1542,17.0,App,Completed,TXN001542
1543,7.5,Card,Completed,TXN001543
1544,18.75,App,Completed,TXN001544
1545,17.25,Card,Completed,TXN001545
1546,12.75,Cash,Completed,TXN001546
1547,15.75,App,Completed,TXN001547
1548,12.25,Cash,Completed,TXN001548
1549,15.25,Cash,Completed,TXN001549
1550,13.0,App,Completed,TXN001550
1551,8.5,Cash,Completed,TXN001551
1552,11.25,Cash,Completed,TXN001552
1553,18.25,Card,Completed,TXN001553
1554,18.0,Card,Completed,TXN001554
1555,4.0,Card,Completed,TXN001555
1556,11.25,Cash,Completed,TXN001556
1557,11.75,Card,Completed,TXN001557
1558,13.0,Card,Completed,TXN001558
1559,19.25,Cash,Completed,TXN001559
1560,13.5,Cash,Completed,TXN001560
1561,17.0,Card,Completed,TXN001561
1562,14.5,App,Completed,TXN001562
1563,18.25,App,Completed,TXN001563
1564,7.0,Card,Completed,TXN001564
1565,15.25,App,Completed,TXN001565
1566,14.25,Card,Completed,TXN001566
1567,10.5,Card,Completed,TXN001567
1568,11.75,App,Completed,TXN001568
1569,13.75,App,Completed,TXN001569
1570,10.5,App,Completed,TXN001570
1571,2.75,Card,Completed,TXN001571
1572,16.75,Cash,Completed,TXN001572
1573,7.25,Cash,Completed,TXN001573
1574,17.75,Card,Completed,TXN001574
1575,4.75,Card,Completed,TXN001575
1576,4.25,Card,Completed,TXN001576
1577,10.25,Card,Completed,TXN001577
1578,10.0,Cash,Completed,TXN001578
1579,13.5,App,Completed,TXN001579
1580,11.25,Card,Completed,TXN001580
1581,11.25,Card,Completed,TXN001581
1582,6.5,App,Completed,TXN001582
1583,21.25,Card,Completed,TXN001583
1584,7.0,Card,Completed,TXN001584
1585,2.75,Card,Completed,TXN001585
1586,2.75,App,Completed,TXN001586
1587,6.75,App,Completed,TXN001587
1588,6.5,Cash,Completed,TXN001588
1589,18.5,Card,Completed,TXN001589
1590,5.25,App,Completed,TXN001590
1591,13.0,App,Completed,TXN001591
1592,13.25,Cash,Completed,TXN001592
1593,5.25,Card,Completed,TXN001593
1594,16.25,Card,Completed,TXN001594
1595,3.25,App,Completed,TXN001595
1596,5.25,Card,Completed,TXN001596
1597,10.5,Cash,Completed,TXN001597
1598,18.0,Card,Completed,TXN001598
1599,19.0,Card,Completed,TXN001599
1600,9.0,Cash,Completed,TXN001600
1601,9.75,Cash,Completed,TXN001601
1602,15.0,Cash,Completed,TXN001602
1603,23.25,Card,Completed,TXN001603
1604,5.25,Cash,Completed,TXN001604
1605,5.25,Card,Completed,TXN001605
1606,7.0,Card,Completed,TXN001606
1607,4.75,Card,Completed,TXN001607
1608,9.25,Cash,Completed,TXN001608
1609,16.75,Cash,Completed,TXN001609
1610,19.25,Card,Completed,TXN001610
1611,4.5,Card,Completed,TXN001611
1612,5.5,Cash,Completed,TXN001612
1613,3.25,Card,Completed,TXN001613
1614,3.0,Card,Completed,TXN001614
1615,14.5,App,Completed,TXN001615
1616,17.25,Cash,Completed,TXN001616
1617,8.25,Cash,Completed,TXN001617
1618,3.25,Card,Completed,TXN001618
1619,19.75,Card,Completed,TXN001619
1620,22.75,Card,Completed,TXN001620
1621,14.5,Cash,Completed,TXN001621
1622,7.5,Card,Completed,TXN001622
1623,12.75,Cash,Completed,TXN001623
1624,8.0,Cash,Completed,TXN001624
1625,19.0,App,Completed,TXN001625
1626,12.25,App,Completed,TXN001626
1627,16.0,Card,Completed,TXN001627
1628,4.5,App,Completed,TXN001628
1629,10.0,Card,Completed,TXN001629
1630,12.0,Card,Completed,TXN001630
1631,12.25,Cash,Completed,TXN001631
1632,7.0,Card,Completed,TXN001632
1633,14.0,Card,Completed,TXN001633
1634,18.5,Cash,Completed,TXN001634
1635,17.0,App,Completed,TXN001635
1636,9.0,Cash,Completed,TXN001636
1637,5.25,Cash,Completed,TXN001637
1638,15.75,Card,Completed,TXN001638
1639,16.5,Cash,Completed,TXN001639
1640,13.75,Card,Completed,TXN001640
1641,2.75,Cash,Completed,TXN001641
1642,4.0,Card,Completed,TXN001642
1643,13.0,Cash,Completed,TXN001643
1644,6.75,App,Completed,TXN001644
1645,6.5,Cash,Completed,TXN001645
1646,4.25,Cash,Completed,TXN001646
1647,7.25,Card,Completed,TXN001647
1648,3.0,Card,Completed,TXN001648
1649,4.25,App,Completed,TXN001649
1650,3.0,App,Completed,TXN001650
1651,9.0,App,Completed,TXN001651
1652,7.5,App,Completed,TXN001652
1653,20.75,App,Completed,TXN001653
1654,4.25,App,Completed,TXN001654
1655,4.5,App,Completed,TXN001655
1656,8.0,Cash,Completed,TXN001656
1657,7.25,Cash,Completed,TXN001657
1658,12.75,Card,Completed,TXN001658
1659,4.75,Cash,Completed,TXN001659
1660,4.5,Card,Completed,TXN001660
1661,15.75,Card,Completed,TXN001661
1662,9.0,Cash,Completed,TXN001662
1663,23.75,Cash,Completed,TXN001663
1664,13.25,Card,Completed,TXN001664
1665,3.0,Card,Completed,TXN001665
1666,14.75,Card,Completed,TXN001666
1667,17.75,Card,Completed,TXN001667
1668,4.5,Card,Completed,TXN001668
1669,16.5,App,Completed,TXN001669
1670,14.0,Card,Completed,TXN001670
1671,4.75,App,Completed,TXN001671
1672,11.75,Cash,Completed,TXN001672
1673,8.0,Cash,Completed,TXN001673
1674,14.5,Cash,Completed,TXN001674
1675,7.5,App,Completed,TXN001675
1676,11.25,App,Completed,TXN001676
1677,7.5,Card,Completed,TXN001677
1678,6.5,App,Completed,TXN001678
1679,8.25,Card,Completed,TXN001679
1680,6.75,App,Completed,TXN001680
1681,9.5,App,Completed,TXN001681
1682,6.5,Card,Completed,TXN001682
1683,7.0,Cash,Completed,TXN001683
1684,21.0,Card,Completed,TXN001684
1685,4.0,Cash,Completed,TXN001685
1686,9.0,Cash,Completed,TXN001686
1687,16.25,Card,Completed,TXN001687
1688,10.25,Card,Completed,TXN001688
1689,12.5,App,Completed,TXN001689
1690,17.5,App,Completed,TXN001690
1691,2.75,Card,Completed,TXN001691
1692,14.25,Card,Completed,TXN001692
1693,21.0,App,Completed,TXN001693
1694,3.0,Card,Completed,TXN001694
1695,8.5,Card,Completed,TXN001695
1696,20.5,Cash,Completed,TXN001696
1697,5.25,App,Completed,TXN001697
1698,15.0,Card,Completed,TXN001698
1699,4.75,Card,Completed,TXN001699
1700,18.25,App,Completed,TXN001700
1701,18.0,Cash,Completed,TXN001701
1702,8.75,App,Completed,TXN001702
1703,8.75,Card,Completed,TXN001703
1704,14.75,Card,Completed,TXN001704
1705,12.5,Card,Completed,TXN001705
1706,14.5,Cash,Completed,TXN001706
1707,9.25,App,Completed,TXN001707
1708,4.0,Card,Completed,TXN001708
1709,7.5,Cash,Completed,TXN001709
1710,14.5,App,Completed,TXN001710
1711,16.25,Cash,Completed,TXN001711
1712,4.5,Card,Completed,TXN001712
1713,14.25,App,Completed,TXN001713
1714,15.75,Card,Completed,TXN001714
1715,4.5,Card,Completed,TXN001715
1716,12.25,Cash,Completed,TXN001716
1717,4.75,Cash,Completed,TXN001717
1718,7.0,App,Completed,TXN001718
1719,20.5,App,Completed,TXN001719
1720,10.25,App,Completed,TXN001720
1721,14.75,Cash,Completed,TXN001721
1722,5.5,Card,Completed,TXN001722
1723,2.75,Cash,Completed,TXN001723
1724,9.0,Card,Completed,TXN001724
1725,3.25,App,Completed,TXN001725
1726,4.0,App,Completed,TXN001726
1727,13.75,Card,Completed,TXN001727
1728,7.5,Cash,Completed,TXN001728
1729,19.5,Card,Completed,TXN001729
1730,12.5,Card,Completed,TXN001730
1731,6.0,App,Completed,TXN001731
1732,9.0,Card,Completed,TXN001732
1733,11.0,Card,Completed,TXN001733
1734,19.0,Cash,Completed,TXN001734
1735,18.0,Card,Completed,TXN001735
1736,15.75,App,Completed,TXN001736
1737,5.25,Cash,Completed,TXN001737
1738,16.0,App,Completed,TXN001738
1739,17.75,Cash,Completed,TXN001739
1740,22.25,Card,Completed,TXN001740
1741,4.0,App,Completed,TXN001741
1742,4.0,Cash,Completed,TXN001742
1743,9.75,Cash,Completed,TXN001743
1744,14.5,Card,Completed,TXN001744
1745,11.0,Cash,Completed,TXN001745
1746,13.25,Cash,Completed,TXN001746
1747,16.75,App,Completed,TXN001747
1748,16.75,Card,Completed,TXN001748
1749,4.25,Card,Completed,TXN001749
1750,20.75,Card,Completed,TXN001750
1751,19.75,App,Completed,TXN001751
1752,2.75,App,Completed,TXN001752
1753,12.25,App,Completed,TXN001753
1754,22.75,Card,Completed,TXN001754
1755,11.25,App,Completed,TXN001755
1756,8.5,Cash,Completed,TXN001756
1757,3.25,Cash,Completed,TXN001757
1758,6.0,Cash,Completed,TXN001758
1759,19.25,Card,Completed,TXN001759
1760,15.5,App,Completed,TXN001760
1761,5.75,App,Completed,TXN001761
1762,15.75,Cash,Completed,TXN001762
1763,9.25,Cash,Completed,TXN001763
1764,12.0,App,Completed,TXN001764
1765,12.0,Card,Completed,TXN001765
1766,13.25,Cash,Completed,TXN001766
1767,16.75,Cash,Completed,TXN001767
1768,4.0,App,Completed,TXN001768
1769,17.75,Cash,Completed,TXN001769
1770,8.75,Cash,Completed,TXN001770
1771,10.5,Card,Completed,TXN001771
1772,15.5,App,Completed,TXN001772
1773,14.75,Card,Completed,TXN001773
1774,4.5,Cash,Completed,TXN001774
1775,7.75,App,Completed,TXN001775
1776,4.5,App,Completed,TXN001776
1777,13.75,App,Completed,TXN001777
1778,12.5,App,Completed,TXN001778
1779,8.5,Cash,Completed,TXN001779
1780,4.75,Card,Completed,TXN001780
1781,21.75,Card,Completed,TXN001781
1782,3.0,Card,Completed,TXN001782
1783,21.5,Cash,Completed,TXN001783
1784,19.25,Card,Completed,TXN001784
1785,16.5,App,Completed,TXN001785
1786,13.5,Cash,Completed,TXN001786
1787,5.5,Cash,Completed,TXN001787
1788,8.0,Card,Completed,TXN001788
1789,6.5,App,Completed,TXN001789
1790,12.75,App,Completed,TXN001790
1791,12.0,Cash,Completed,TXN001791
1792,11.75,Card,Completed,TXN001792
1793,15.5,Card,Completed,TXN001793
1794,15.5,App,Completed,TXN001794
1795,7.25,Cash,Completed,TXN001795
1796,4.75,Card,Completed,TXN001796
1797,16.75,App,Completed,TXN001797
1798,4.5,App,Completed,TXN001798
1799,18.25,App,Completed,TXN001799
1800,15.25,Card,Completed,TXN001800
1801,18.0,App,Completed,TXN001801
1802,18.25,Card,Completed,TXN001802
1803,17.75,Card,Completed,TXN001803
1804,23.25,App,Completed,TXN001804
1805,17.0,Cash,Completed,TXN001805
1806,13.0,Card,Completed,TXN001806
1807,7.5,Card,Completed,TXN001807
1808,12.75,App,Completed,TXN001808
1809,16.0,Cash,Completed,TXN001809
1810,4.0,Card,Completed,TXN001810
1811,16.5,Cash,Completed,TXN001811
1812,6.5,App,Completed,TXN001812
1813,14.25,Cash,Completed,TXN001813
1814,3.0,App,Completed,TXN001814
1815,14.25,Cash,Completed,TXN001815
1816,19.75,App,Completed,TXN001816
1817,6.0,App,Completed,TXN001817
1818,9.5,App,Completed,TXN001818
1819,15.25,Cash,Completed,TXN001819
1820,7.5,Card,Completed,TXN001820
1821,7.5,App,Completed,TXN001821
1822,11.0,Card,Completed,TXN001822
1823,22.75,App,Completed,TXN001823
1824,11.75,App,Completed,TXN001824
1825,3.25,Card,Completed,TXN001825
1826,15.0,Cash,Completed,TXN001826
1827,11.75,Card,Completed,TXN001827
1828,14.0,App,Completed,TXN001828
1829,13.5,Card,Completed,TXN001829
1830,13.0,Card,Completed,TXN001830
1831,16.5,Cash,Completed,TXN001831
1832,11.75,Card,Completed,TXN001832
1833,4.5,Card,Completed,TXN001833
1834,4.25,Cash,Completed,TXN001834
1835,10.25,Card,Completed,TXN001835
1836,12.25,Card,Completed,TXN001836
1837,7.5,App,Completed,TXN001837
1838,4.75,Cash,Completed,TXN001838
1839,17.0,App,Completed,TXN001839
1840,20.25,App,Completed,TXN001840
1841,17.25,App,Completed,TXN001841
1842,11.0,App,Completed,TXN001842
1843,9.75,Cash,Completed,TXN001843
1844,9.5,App,Completed,TXN001844
1845,4.0,Card,Completed,TXN001845
1846,13.0,Cash,Completed,TXN001846
1847,7.25,Card,Completed,TXN001847
1848,4.25,Cash,Completed,TXN001848
1849,12.75,App,Completed,TXN001849
1850,10.25,App,Completed,TXN001850
1851,7.0,Cash,Completed,TXN001851
1852,21.25,App,Completed,TXN001852
1853,22.75,App,Completed,TXN001853
1854,11.0,Card,Completed,TXN001854
1855,17.5,Cash,Completed,TXN001855
1856,12.25,Card,Completed,TXN001856
1857,5.25,Card,Completed,TXN001857
1858,3.25,Card,Completed,TXN001858
1859,7.0,Cash,Completed,TXN001859
1860,24.0,App,Completed,TXN001860
1861,16.5,Card,Completed,TXN001861
1862,14.75,Cash,Completed,TXN001862
1863,8.0,App,Completed,TXN001863
1864,7.25,Cash,Completed,TXN001864
1865,4.25,App,Completed,TXN001865
1866,15.25,Card,Completed,TXN001866
1867,6.5,App,Completed,TXN001867
1868,11.5,Cash,Completed,TXN001868
1869,7.0,Card,Completed,TXN001869
1870,11.75,App,Completed,TXN001870
1871,9.5,App,Completed,TXN001871
1872,14.0,Card,Completed,TXN001872
1873,4.75,Cash,Completed,TXN001873
1874,9.0,App,Completed,TXN001874
1875,4.75,Card,Completed,TXN001875
1876,4.75,App,Completed,TXN001876
1877,14.25,Cash,Completed,TXN001877
1878,7.25,Card,Completed,TXN001878
1879,7.0,Cash,Completed,TXN001879
1880,9.25,Cash,Completed,TXN001880
1881,11.75,Card,Completed,TXN001881
1882,4.0,Cash,Completed,TXN001882
1883,10.0,Cash,Completed,TXN001883
1884,18.0,Card,Completed,TXN001884
1885,10.75,App,Completed,TXN001885
1886,11.75,Card,Completed,TXN001886
1887,17.5,Cash,Completed,TXN001887
1888,2.75,App,Completed,TXN001888
1889,20.75,Card,Completed,TXN001889
1890,13.5,Card,Completed,TXN001890
1891,11.0,App,Completed,TXN001891
1892,9.25,Cash,Completed,TXN001892
1893,18.25,Card,Completed,TXN001893
1894,7.25,App,Completed,TXN001894
1895,3.25,App,Completed,TXN001895
1896,19.0,App,Completed,TXN001896
1897,9.25,App,Completed,TXN001897
1898,6.0,Card,Completed,TXN001898
1899,16.75,App,Completed,TXN001899
1900,6.0,Cash,Completed,TXN001900
1901,8.0,Card,Completed,TXN001901
1902,4.75,Card,Completed,TXN001902
1903,19.0,Cash,Completed,TXN001903
1904,9.75,Card,Completed,TXN001904
1905,13.75,Card,Completed,TXN001905
1906,16.75,Cash,Completed,TXN001906
1907,17.25,App,Completed,TXN001907
1908,6.5,Cash,Completed,TXN001908
1909,18.0,Card,Completed,TXN001909
1910,5.75,Cash,Completed,TXN001910
1911,15.0,Cash,Completed,TXN001911
1912,4.75,App,Completed,TXN001912
1913,23.0,Card,Completed,TXN001913
1914,8.0,Card,Completed,TXN001914
1915,19.75,Cash,Completed,TXN001915
1916,4.5,Cash,Completed,TXN001916
1917,6.5,App,Completed,TXN001917
1918,15.75,App,Completed,TXN001918
1919,9.0,App,Completed,TXN001919
1920,4.5,App,Completed,TXN001920
1921,8.5,Card,Completed,TXN001921
1922,10.5,Card,Completed,TXN001922
1923,17.25,Cash,Completed,TXN001923
1924,11.5,App,Completed,TXN001924
1925,13.0,Card,Completed,TXN001925
1926,4.5,App,Completed,TXN001926
1927,17.25,Card,Completed,TXN001927
1928,20.75,App,Completed,TXN001928
1929,15.5,Cash,Completed,TXN001929
1930,22.75,Cash,Completed,TXN001930
1931,11.5,Card,Completed,TXN001931
1932,7.0,App,Completed,TXN001932
1933,10.0,Card,Completed,TXN001933
1934,2.75,Card,Completed,TXN001934
1935,14.0,Card,Completed,TXN001935
1936,11.5,Card,Completed,TXN001936
1937,20.75,Cash,Completed,TXN001937
1938,3.0,Cash,Completed,TXN001938
1939,4.5,App,Completed,TXN001939
1940,11.0,Card,Completed,TXN001940
1941,4.75,App,Completed,TXN001941
1942,12.75,Card,Completed,TXN001942
1943,18.0,App,Completed,TXN001943
1944,12.75,Cash,Completed,TXN001944
1945,4.75,Cash,Completed,TXN001945
1946,6.0,App,Completed,TXN001946
1947,14.5,Card,Completed,TXN001947
1948,13.0,App,Completed,TXN001948
1949,16.75,Card,Completed,TXN001949
1950,7.5,App,Completed,TXN001950
1951,18.5,Card,Completed,TXN001951
1952,17.75,Card,Completed,TXN001952
1953,20.0,App,Completed,TXN001953
1954,11.75,App,Completed,TXN001954
1955,16.5,App,Completed,TXN001955
1956,8.5,Cash,Completed,TXN001956
1957,3.25,Card,Completed,TXN001957
1958,9.75,Cash,Completed,TXN001958
1959,15.25,Card,Completed,TXN001959
1960,14.5,Card,Completed,TXN001960
1961,7.25,App,Completed,TXN001961
1962,13.5,App,Completed,TXN001962
1963,4.0,Card,Completed,TXN001963
1964,10.5,Card,Completed,TXN001964
1965,13.0,Card,Completed,TXN001965
1966,19.25,Card,Completed,TXN001966
1967,11.75,App,Completed,TXN001967
1968,6.25,App,Completed,TXN001968
1969,17.0,Card,Completed,TXN001969
1970,4.25,App,Completed,TXN001970
1971,14.75,Card,Completed,TXN001971
1972,6.0,App,Completed,TXN001972
1973,13.25,App,Completed,TXN001973
1974,14.5,App,Completed,TXN001974
1975,7.0,Cash,Completed,TXN001975
1976,10.25,Cash,Completed,TXN001976
1977,19.0,Card,Completed,TXN001977
1978,5.25,App,Completed,TXN001978
1979,11.25,Card,Completed,TXN001979
1980,11.0,Cash,Completed,TXN001980
1981,7.0,Cash,Completed,TXN001981
1982,5.25,Cash,Completed,TXN001982
1983,15.5,Cash,Completed,TXN001983
1984,14.0,Cash,Completed,TXN001984
1985,13.25,Cash,Completed,TXN001985
1986,21.0,Cash,Completed,TXN001986
1987,11.0,Card,Completed,TXN001987
1988,15.75,Cash,Completed,TXN001988
1989,8.0,Cash,Completed,TXN001989
1990,17.75,App,Completed,TXN001990
1991,12.0,Card,Completed,TXN001991
1992,17.5,Cash,Completed,TXN001992
1993,7.0,Cash,Completed,TXN001993
1994,17.0,App,Completed,TXN001994
1995,14.75,Cash,Completed,TXN001995
1996,8.25,Card,Completed,TXN001996
1997,21.25,App,Completed,TXN001997
1998,17.0,App,Completed,TXN001998
1999,7.5,Cash,Completed,TXN001999
2000,4.0,Card,Completed,TXN002000
2001,17.0,Card,Completed,TXN002001
2002,18.75,Cash,Completed,TXN002002
2003,5.25,Cash,Completed,TXN002003
2004,4.25,Cash,Completed,TXN002004
2005,13.75,App,Completed,TXN002005
2006,8.75,Cash,Completed,TXN002006
2007,18.25,Card,Completed,TXN002007
2008,3.0,Cash,Completed,TXN002008
2009,4.5,App,Completed,TXN002009
2010,4.5,Cash,Completed,TXN002010
2011,4.0,Card,Completed,TXN002011
2012,6.5,Card,Completed,TXN002012
2013,15.25,App,Completed,TXN002013
2014,18.5,Card,Completed,TXN002014
2015,16.0,App,Completed,TXN002015
2016,15.25,Card,Completed,TXN002016
2017,5.25,Cash,Completed,TXN002017
2018,12.25,Card,Completed,TXN002018
2019,17.0,App,Completed,TXN002019
2020,18.25,Card,Completed,TXN002020
2021,13.0,App,Completed,TXN002021
2022,5.25,Cash,Completed,TXN002022
2023,11.75,Card,Completed,TXN002023
2024,4.25,App,Completed,TXN002024
2025,3.25,App,Completed,TXN002025
2026,13.0,App,Completed,TXN002026
2027,6.5,Card,Completed,TXN002027
2028,5.25,App,Completed,TXN002028
2029,19.75,App,Completed,TXN002029
2030,9.0,Card,Completed,TXN002030
2031,18.25,Cash,Completed,TXN002031
2032,22.0,Cash,Completed,TXN002032
2033,20.0,Cash,Completed,TXN002033
2034,12.0,App,Completed,TXN002034
2035,4.0,App,Completed,TXN002035
2036,9.25,Card,Completed,TXN002036
2037,19.5,App,Completed,TXN002037
2038,4.25,App,Completed,TXN002038
2039,10.25,Cash,Completed,TXN002039
2040,13.0,App,Completed,TXN002040
2041,4.0,App,Completed,TXN002041
2042,6.5,App,Completed,TXN002042
2043,11.25,Cash,Completed,TXN002043
2044,20.25,Cash,Completed,TXN002044
2045,18.25,Card,Completed,TXN002045
2046,13.25,App,Completed,TXN002046
2047,10.0,App,Completed,TXN002047
2048,15.25,Cash,Completed,TXN002048
2049,15.25,Cash,Completed,TXN002049
2050,7.0,App,Completed,TXN002050
2051,11.75,App,Completed,TXN002051
2052,11.75,Cash,Completed,TXN002052
2053,11.5,Cash,Completed,TXN002053
2054,6.0,App,Completed,TXN002054
2055,8.0,Card,Completed,TXN002055
2056,5.25,App,Completed,TXN002056
2057,12.25,Card,Completed,TXN002057
2058,4.75,Cash,Completed,TXN002058
2059,8.75,Card,Completed,TXN002059
2060,18.5,Card,Completed,TXN002060
2061,7.0,App,Completed,TXN002061
2062,15.0,Cash,Completed,TXN002062
2063,13.25,Card,Completed,TXN002063
2064,3.0,Cash,Completed,TXN002064
2065,10.25,App,Completed,TXN002065
2066,19.0,Cash,Completed,TXN002066
2067,12.25,Cash,Completed,TXN002067
2068,7.0,Cash,Completed,TXN002068
2069,15.0,Cash,Completed,TXN002069
2070,15.0,Cash,Completed,TXN002070
2071,10.75,App,Completed,TXN002071
2072,11.25,App,Completed,TXN002072
2073,13.0,Card,Completed,TXN002073
2074,9.75,Cash,Completed,TXN002074
2075,12.75,Card,Completed,TXN002075
2076,10.25,Cash,Completed,TXN002076
2077,18.0,Card,Completed,TXN002077
2078,11.75,App,Completed,TXN002078
2079,10.5,App,Completed,TXN002079
2080,13.75,App,Completed,TXN002080
2081,9.75,Card,Completed,TXN002081
2082,3.0,Card,Completed,TXN002082
2083,7.25,Card,Completed,TXN002083
2084,7.0,Cash,Completed,TXN002084
2085,17.75,Cash,Completed,TXN002085
2086,16.5,App,Completed,TXN002086
2087,20.0,Card,Completed,TXN002087
2088,19.75,App,Completed,TXN002088
2089,5.75,App,Completed,TXN002089
2090,14.75,Card,Completed,TXN002090
2091,7.0,App,Completed,TXN002091
2092,11.75,Card,Completed,TXN002092
2093,16.75,App,Completed,TXN002093
2094,11.25,Cash,Completed,TXN002094
2095,11.0,Card,Completed,TXN002095
2096,23.25,Cash,Completed,TXN002096
2097,7.25,App,Completed,TXN002097
2098,13.25,Card,Completed,TXN002098
2099,18.25,Card,Completed,TXN002099
2100,15.0,App,Completed,TXN002100
2101,3.0,Card,Completed,TXN002101
2102,7.75,Cash,Completed,TXN002102
2103,14.25,Cash,Completed,TXN002103
2104,11.5,Card,Completed,TXN002104
2105,4.75,Cash,Completed,TXN002105
2106,21.0,App,Completed,TXN002106
2107,16.0,Card,Completed,TXN002107
2108,18.25,Card,Completed,TXN002108
2109,4.25,Cash,Completed,TXN002109
2110,20.5,App,Completed,TXN002110
2111,4.0,App,Completed,TXN002111
2112,10.0,Cash,Completed,TXN002112
2113,4.25,App,Completed,TXN002113
2114,7.0,Card,Completed,TXN002114
2115,10.5,App,Completed,TXN002115
2116,17.25,App,Completed,TXN002116
2117,5.25,Cash,Completed,TXN002117
2118,11.25,App,Completed,TXN002118
2119,18.0,Card,Completed,TXN002119
2120,16.5,App,Completed,TXN002120
2121,4.25,App,Completed,TXN002121
2122,15.5,Cash,Completed,TXN002122
2123,15.75,Card,Completed,TXN002123
2124,11.25,Card,Completed,TXN002124
2125,3.0,Card,Completed,TXN002125
2126,14.75,Cash,Completed,TXN002126
2127,12.75,Cash,Completed,TXN002127
2128,7.0,Card,Completed,TXN002128
2129,11.0,Card,Completed,TXN002129
2130,2.75,App,Completed,TXN002130
2131,2.75,Card,Completed,TXN002131
2132,3.25,Card,Completed,TXN002132
2133,15.5,Card,Completed,TXN002133
2134,12.75,Cash,Completed,TXN002134
2135,4.75,Card,Completed,TXN002135
2136,15.25,Cash,Completed,TXN002136
2137,2.75,Card,Completed,TXN002137
2138,10.5,Card,Completed,TXN002138
2139,7.25,Cash,Completed,TXN002139
2140,3.0,Cash,Completed,TXN002140
2141,4.0,Cash,Completed,TXN002141
2142,6.5,Card,Completed,TXN002142
2143,4.0,App,Completed,TXN002143
2144,14.0,App,Completed,TXN002144
2145,2.75,App,Completed,TXN002145
2146,11.25,App,Completed,TXN002146
2147,14.5,App,Completed,TXN002147
2148,5.25,Cash,Completed,TXN002148
2149,19.0,Cash,Completed,TXN002149
2150,11.75,Cash,Completed,TXN002150
2151,21.25,Card,Completed,TXN002151
2152,15.75,App,Completed,TXN002152
2153,9.5,Card,Completed,TXN002153
2154,7.0,Cash,Completed,TXN002154
2155,16.5,Card,Completed,TXN002155
2156,7.0,Card,Completed,TXN002156
2157,4.5,App,Completed,TXN002157
2158,8.75,Cash,Completed,TXN002158
2159,19.25,App,Completed,TXN002159
2160,20.25,Cash,Completed,TXN002160
2161,12.5,Cash,Completed,TXN002161
2162,13.5,App,Completed,TXN002162
2163,24.75,Cash,Completed,TXN002163
2164,4.0,App,Completed,TXN002164
2165,4.0,Cash,Completed,TXN002165
2166,21.75,Card,Completed,TXN002166
2167,10.5,Cash,Completed,TXN002167
2168,7.0,App,Completed,TXN002168
2169,19.5,App,Completed,TXN002169
2170,11.0,Cash,Completed,TXN002170
2171,3.25,App,Completed,TXN002171
2172,22.25,Cash,Completed,TXN002172
2173,17.25,App,Completed,TXN002173
2174,18.0,Card,Completed,TXN002174
2175,16.75,Cash,Completed,TXN002175
2176,7.5,Card,Completed,TXN002176
2177,5.25,App,Completed,TXN002177
2178,2.75,App,Completed,TXN002178
2179,12.75,App,Completed,TXN002179
2180,4.75,Card,Completed,TXN002180
2181,8.0,Cash,Completed,TXN002181
2182,6.5,Cash,Completed,TXN002182
2183,16.5,Card,Completed,TXN002183
2184,22.25,Card,Completed,TXN002184
2185,19.5,Cash,Completed,TXN002185
2186,8.0,Cash,Completed,TXN002186
2187,15.0,App,Completed,TXN002187
2188,11.5,Card,Completed,TXN002188
2189,4.75,Card,Completed,TXN002189
2190,11.5,App,Completed,TXN002190
2191,3.25,Card,Completed,TXN002191
2192,6.0,App,Completed,TXN002192
2193,10.5,Card,Completed,TXN002193
2194,4.75,Card,Completed,TXN002194
2195,7.0,App,Completed,TXN002195
2196,16.0,App,Completed,TXN002196
2197,4.0,Cash,Completed,TXN002197
2198,17.25,Cash,Completed,TXN002198
2199,10.75,Card,Completed,TXN002199
2200,4.5,App,Completed,TXN002200
2201,6.0,Cash,Completed,TXN002201
2202,8.25,Card,Completed,TXN002202
2203,14.25,Cash,Completed,TXN002203
2204,4.25,Card,Completed,TXN002204
2205,3.0,App,Completed,TXN002205
2206,23.0,Cash,Completed,TXN002206
2207,15.75,Card,Completed,TXN002207
2208,8.25,Card,Completed,TXN002208
2209,11.25,Card,Completed,TXN002209
2210,11.0,Card,Completed,TXN002210
2211,7.0,Cash,Completed,TXN002211
2212,9.25,Cash,Completed,TXN002212
2213,13.5,App,Completed,TXN002213
2214,10.5,Card,Completed,TXN002214
2215,6.5,App,Completed,TXN002215
2216,15.0,Card,Completed,TXN002216
2217,11.0,App,Completed,TXN002217
2218,4.75,Card,Completed,TXN002218
2219,11.0,Card,Completed,TXN002219
2220,8.75,Card,Completed,TXN002220
2221,3.0,Card,Completed,TXN002221
2222,3.25,App,Completed,TXN002222
2223,3.25,App,Completed,TXN002223
2224,7.0,Cash,Completed,TXN002224
2225,13.5,Card,Completed,TXN002225
2226,9.25,App,Completed,TXN002226
2227,17.5,App,Completed,TXN002227
2228,14.0,App,Completed,TXN002228
2229,16.75,Card,Completed,TXN002229
2230,12.5,App,Completed,TXN002230
2231,21.75,App,Completed,TXN002231
2232,15.25,Card,Completed,TXN002232
2233,8.5,App,Completed,TXN002233
2234,9.5,Card,Completed,TXN002234
2235,14.0,Card,Completed,TXN002235
2236,19.0,App,Completed,TXN002236
2237,4.0,Cash,Completed,TXN002237
2238,14.5,Card,Completed,TXN002238
2239,19.25,Cash,Completed,TXN002239
2240,3.0,App,Completed,TXN002240
2241,13.25,App,Completed,TXN002241
2242,13.25,App,Completed,TXN002242
2243,16.0,App,Completed,TXN002243
2244,7.0,Card,Completed,TXN002244
2245,18.25,Cash,Completed,TXN002245
2246,15.5,App,Completed,TXN002246
2247,10.25,Card,Completed,TXN002247
2248,8.0,App,Completed,TXN002248
2249,25.75,App,Completed,TXN002249
2250,2.75,App,Completed,TXN002250
2251,4.75,Cash,Completed,TXN002251
2252,7.5,Card,Completed,TXN002252
2253,18.5,App,Completed,TXN002253
2254,6.5,Cash,Completed,TXN002254
2255,19.25,Cash,Completed,TXN002255
2256,4.5,App,Completed,TXN002256
2257,7.25,App,Completed,TXN002257
2258,16.25,Card,Completed,TXN002258
2259,11.5,Cash,Completed,TXN002259
2260,16.0,Cash,Completed,TXN002260
2261,9.25,App,Completed,TXN002261
2262,3.25,App,Completed,TXN002262
2263,13.75,Cash,Completed,TXN002263
2264,11.25,Cash,Completed,TXN002264
2265,10.5,App,Completed,TXN002265
2266,10.5,App,Completed,TXN002266
2267,3.25,Card,Completed,TXN002267
2268,17.25,Cash,Completed,TXN002268
2269,4.75,Card,Completed,TXN002269
2270,16.0,App,Completed,TXN002270
2271,8.25,Cash,Completed,TXN002271
2272,20.25,Card,Completed,TXN002272
2273,14.25,App,Completed,TXN002273
2274,15.75,Cash,Completed,TXN002274
2275,4.75,Card,Completed,TXN002275
2276,20.75,App,Completed,TXN002276
2277,10.0,Card,Completed,TXN002277
2278,8.75,App,Completed,TXN002278
2279,19.0,Card,Completed,TXN002279
2280,13.25,Card,Completed,TXN002280
2281,18.0,Card,Completed,TXN002281
2282,12.5,Cash,Completed,TXN002282
2283,12.25,App,Completed,TXN002283
2284,16.75,App,Completed,TXN002284
2285,4.75,Card,Completed,TXN002285
2286,12.25,Card,Completed,TXN002286
2287,4.75,Cash,Completed,TXN002287
2288,14.75,Cash,Completed,TXN002288
2289,6.75,App,Completed,TXN002289
2290,4.25,Card,Completed,TXN002290
2291,6.25,Card,Completed,TXN002291
2292,17.0,App,Completed,TXN002292
2293,20.75,Cash,Completed,TXN002293
2294,3.0,Card,Completed,TXN002294
2295,13.0,Cash,Completed,TXN002295
2296,8.25,Cash,Completed,TXN002296
2297,5.25,App,Completed,TXN002297
2298,10.75,App,Completed,TXN002298
2299,10.75,Card,Completed,TXN002299
2300,21.5,Card,Completed,TXN002300
2301,20.5,Card,Completed,TXN002301
2302,6.0,App,Completed,TXN002302
2303,5.5,Cash,Completed,TXN002303
2304,4.5,Card,Completed,TXN002304
2305,8.5,Card,Completed,TXN002305
2306,4.25,Cash,Completed,TXN002306
2307,9.25,App,Completed,TXN002307
2308,4.75,Card,Completed,TXN002308
2309,7.0,Cash,Completed,TXN002309
2310,9.0,Card,Completed,TXN002310
2311,7.75,Cash,Completed,TXN002311
2312,18.75,Cash,Completed,TXN002312
2313,4.25,App,Completed,TXN002313
2314,8.5,Cash,Completed,TXN002314
2315,16.75,Card,Completed,TXN002315
2316,4.75,Cash,Completed,TXN002316
2317,2.75,Cash,Completed,TXN002317
2318,17.75,Card,Completed,TXN002318
2319,15.0,App,Completed,TXN002319
2320,9.75,Card,Completed,TXN002320
2321,17.75,App,Completed,TXN002321
2322,20.0,App,Completed,TXN002322
2323,7.0,App,Completed,TXN002323
2324,11.0,Card,Completed,TXN002324
2325,10.75,Card,Completed,TXN002325
2326,4.0,Card,Completed,TXN002326
2327,16.5,Cash,Completed,TXN002327
2328,4.25,App,Completed,TXN002328
2329,4.0,App,Completed,TXN002329
2330,18.0,Card,Completed,TXN002330
2331,4.25,App,Completed,TXN002331
2332,3.25,Cash,Completed,TXN002332
2333,2.75,Card,Completed,TXN002333
2334,12.5,Cash,Completed,TXN002334
2335,9.25,Card,Completed,TXN002335
2336,15.0,App,Completed,TXN002336
2337,3.0,App,Completed,TXN002337
2338,4.75,App,Completed,TXN002338
2339,2.75,Cash,Completed,TXN002339
2340,18.0,Cash,Completed,TXN002340
2341,9.75,Card,Completed,TXN002341
2342,15.75,Cash,Completed,TXN002342
2343,11.75,Card,Completed,TXN002343
2344,7.75,Card,Completed,TXN002344
2345,15.75,Cash,Completed,TXN002345
2346,4.75,App,Completed,TXN002346
2347,14.0,App,Completed,TXN002347
2348,9.75,Cash,Completed,TXN002348
2349,12.75,Card,Completed,TXN002349
2350,13.5,Card,Completed,TXN002350
2351,13.0,App,Completed,TXN002351
2352,15.75,App,Completed,TXN002352
2353,13.25,App,Completed,TXN002353
2354,11.25,App,Completed,TXN002354
2355,8.75,Card,Completed,TXN002355
2356,4.75,Cash,Completed,TXN002356
2357,12.25,Cash,Completed,TXN002357
2358,19.25,Cash,Completed,TXN002358
2359,7.5,Cash,Completed,TXN002359
2360,4.0,Card,Completed,TXN002360
2361,7.5,Cash,Completed,TXN002361
2362,9.5,Cash,Completed,TXN002362
2363,7.5,Card,Completed,TXN002363
2364,13.0,Card,Completed,TXN002364
2365,7.0,App,Completed,TXN002365
2366,17.5,Card,Completed,TXN002366
2367,7.0,Card,Completed,TXN002367
2368,18.75,Card,Completed,TXN002368
2369,11.75,Cash,Completed,TXN002369
2370,2.75,Cash,Completed,TXN002370
2371,12.75,Card,Completed,TXN002371
2372,8.75,Card,Completed,TXN002372
2373,7.75,Cash,Completed,TXN002373
2374,5.25,Cash,Completed,TXN002374
2375,17.0,App,Completed,TXN002375
2376,14.5,App,Completed,TXN002376
2377,15.0,Card,Completed,TXN002377
2378,8.5,App,Completed,TXN002378
2379,10.0,App,Completed,TXN002379
2380,4.0,App,Completed,TXN002380
2381,6.5,Card,Completed,TXN002381
2382,7.0,Cash,Completed,TXN002382
2383,7.0,Cash,Completed,TXN002383
2384,4.5,Card,Completed,TXN002384
2385,19.5,Card,Completed,TXN002385
2386,6.5,App,Completed,TXN002386
2387,21.0,App,Completed,TXN002387
2388,9.5,Card,Completed,TXN002388
2389,4.75,App,Completed,TXN002389
2390,8.5,Card,Completed,TXN002390
2391,11.0,Cash,Completed,TXN002391
2392,9.0,App,Completed,TXN002392
2393,16.75,Cash,Completed,TXN002393
2394,11.75,Cash,Completed,TXN002394
2395,7.0,Card,Completed,TXN002395
2396,13.25,Cash,Completed,TXN002396
2397,4.25,Cash,Completed,TXN002397
2398,3.25,Card,Completed,TXN002398
2399,10.0,Card,Completed,TXN002399
2400,17.5,App,Completed,TXN002400
2401,4.25,Card,Completed,TXN002401
2402,7.5,Card,Completed,TXN002402
2403,8.75,Cash,Completed,TXN002403
2404,21.5,Card,Completed,TXN002404
2405,8.75,App,Completed,TXN002405
2406,4.75,Cash,Completed,TXN002406
2407,17.0,Card,Completed,TXN002407
2408,18.0,App,Completed,TXN002408
2409,3.25,Card,Completed,TXN002409
2410,14.0,Card,Completed,TXN002410
2411,2.75,Card,Completed,TXN002411
2412,19.25,Cash,Completed,TXN002412
2413,3.0,Cash,Completed,TXN002413
2414,18.25,App,Completed,TXN002414
2415,17.0,Cash,Completed,TXN002415
2416,8.75,Cash,Completed,TXN002416
2417,11.75,Cash,Completed,TXN002417
2418,13.0,App,Completed,TXN002418
2419,8.0,App,Completed,TXN002419
2420,5.5,App,Completed,TXN002420
2421,16.5,Cash,Completed,TXN002421
2422,13.25,App,Completed,TXN002422
2423,12.5,Cash,Completed,TXN002423
2424,8.0,App,Completed,TXN002424
2425,10.25,Cash,Completed,TXN002425
2426,8.25,App,Completed,TXN002426
2427,11.25,App,Completed,TXN002427
2428,5.25,App,Completed,TXN002428
2429,7.25,Card,Completed,TXN002429
2430,15.0,Cash,Completed,TXN002430
2431,7.25,Cash,Completed,TXN002431
2432,12.0,Card,Completed,TXN002432
2433,7.25,Card,Completed,TXN002433
2434,13.0,Card,Completed,TXN002434
2435,17.75,App,Completed,TXN002435
2436,13.75,Card,Completed,TXN002436
2437,17.5,App,Completed,TXN002437
2438,5.25,App,Completed,TXN002438
2439,5.25,App,Completed,TXN002439
2440,7.5,Cash,Completed,TXN002440
2441,20.0,App,Completed,TXN002441
2442,11.0,Cash,Completed,TXN002442
2443,19.0,App,Completed,TXN002443
2444,12.5,Cash,Completed,TXN002444
2445,16.75,Card,Completed,TXN002445
2446,9.5,App,Completed,TXN002446
2447,4.25,App,Completed,TXN002447
2448,8.25,Card,Completed,TXN002448
2449,18.75,App,Completed,TXN002449
2450,12.5,App,Completed,TXN002450
2451,4.5,Cash,Completed,TXN002451
2452,17.75,App,Completed,TXN002452
2453,11.0,Card,Completed,TXN002453
2454,6.5,App,Completed,TXN002454
2455,12.75,Cash,Completed,TXN002455
2456,6.5,App,Completed,TXN002456
2457,7.0,Cash,Completed,TXN002457
2458,17.75,App,Completed,TXN002458
2459,12.5,Card,Completed,TXN002459
2460,22.0,Cash,Completed,TXN002460
2461,18.0,Card,Completed,TXN002461
2462,7.0,Card,Completed,TXN002462
2463,4.5,Cash,Completed,TXN002463
2464,9.0,App,Completed,TXN002464
2465,15.5,Cash,Completed,TXN002465
2466,21.5,Card,Completed,TXN002466
2467,7.75,Cash,Completed,TXN002467
2468,13.25,App,Completed,TXN002468
2469,8.0,App,Completed,TXN002469
2470,19.25,Card,Completed,TXN002470
2471,5.75,Cash,Completed,TXN002471
2472,4.75,Cash,Completed,TXN002472
2473,16.25,App,Completed,TXN002473
2474,7.5,App,Completed,TXN002474
2475,20.0,Cash,Completed,TXN002475
2476,3.25,App,Completed,TXN002476
2477,9.0,Cash,Completed,TXN002477
2478,11.75,Card,Completed,TXN002478
2479,10.75,Card,Completed,TXN002479
2480,7.5,Card,Completed,TXN002480
2481,3.25,Cash,Completed,TXN002481
2482,7.0,Cash,Completed,TXN002482
2483,5.25,Card,Completed,TXN002483
2484,8.75,Card,Completed,TXN002484
2485,7.25,Card,Completed,TXN002485
2486,14.5,App,Completed,TXN002486
2487,16.25,App,Completed,TXN002487
2488,3.25,Cash,Completed,TXN002488
2489,3.25,App,Completed,TXN002489
2490,9.75,App,Completed,TXN002490
2491,11.75,Cash,Completed,TXN002491
2492,4.75,App,Completed,TXN002492
2493,9.75,Cash,Completed,TXN002493
2494,16.75,Cash,Completed,TXN002494
2495,6.5,App,Completed,TXN002495
2496,4.25,App,Completed,TXN002496
2497,3.0,Card,Completed,TXN002497
2498,4.25,Cash,Completed,TXN002498
2499,16.5,Card,Completed,TXN002499
2500,7.5,App,Completed,TXN002500
2501,9.25,Card,Completed,TXN002501
2502,14.5,Card,Completed,TXN002502
2503,6.5,App,Completed,TXN002503
2504,9.75,App,Completed,TXN002504
2505,20.25,Card,Completed,TXN002505
2506,7.0,App,Completed,TXN002506
2507,20.0,Card,Completed,TXN002507
2508,11.25,Card,Completed,TXN002508
2509,11.5,Card,Completed,TXN002509
2510,15.5,App,Completed,TXN002510
2511,20.75,Cash,Completed,TXN002511
2512,7.0,Cash,Completed,TXN002512
2513,9.25,App,Completed,TXN002513
2514,22.5,App,Completed,TXN002514
2515,13.5,Cash,Completed,TXN002515
2516,13.5,Cash,Completed,TXN002516
2517,21.0,Card,Completed,TXN002517
2518,14.0,Card,Completed,TXN002518
2519,17.75,App,Completed,TXN002519
2520,19.75,Card,Completed,TXN002520
2521,21.5,App,Completed,TXN002521
2522,20.75,App,Completed,TXN002522
2523,22.25,Cash,Completed,TXN002523
2524,23.25,Cash,Completed,TXN002524
2525,12.0,Cash,Completed,TXN002525
2526,7.5,Card,Completed,TXN002526
2527,3.25,Card,Completed,TXN002527
2528,7.0,App,Completed,TXN002528
2529,16.75,App,Completed,TXN002529
2530,2.75,App,Completed,TXN002530
2531,14.25,App,Completed,TXN002531
2532,11.75,Card,Completed,TXN002532
2533,4.75,Cash,Completed,TXN002533
2534,11.75,Card,Completed,TXN002534
2535,21.25,App,Completed,TXN002535
2536,13.5,Card,Completed,TXN002536
2537,13.0,Cash,Completed,TXN002537
2538,17.25,Cash,Completed,TXN002538
2539,6.0,Cash,Completed,TXN002539
2540,14.5,App,Completed,TXN002540
2541,13.75,Cash,Completed,TXN002541
2542,14.0,Card,Completed,TXN002542
2543,15.5,Cash,Completed,TXN002543
2544,7.75,Card,Completed,TXN002544
2545,10.75,Card,Completed,TXN002545
2546,7.5,Cash,Completed,TXN002546
2547,11.25,Card,Completed,TXN002547
2548,14.0,Cash,Completed,TXN002548
2549,13.0,Card,Completed,TXN002549
2550,15.75,Cash,Completed,TXN002550
2551,10.5,Card,Completed,TXN002551
2552,13.5,Cash,Completed,TXN002552
2553,5.75,Cash,Completed,TXN002553
2554,9.75,App,Completed,TXN002554
2555,5.25,Cash,Completed,TXN002555
2556,23.5,App,Completed,TXN002556
2557,17.75,App,Completed,TXN002557
2558,14.25,Card,Completed,TXN002558
2559,16.0,Cash,Completed,TXN002559
2560,2.75,Card,Completed,TXN002560
2561,20.75,Cash,Completed,TXN002561
2562,13.75,Cash,Completed,TXN002562
2563,13.0,App,Completed,TXN002563
2564,4.5,App,Completed,TXN002564
2565,7.0,Cash,Completed,TXN002565
2566,9.0,App,Completed,TXN002566
2567,7.25,Cash,Completed,TXN002567
2568,18.25,App,Completed,TXN002568
2569,18.25,Cash,Completed,TXN002569
2570,8.75,App,Completed,TXN002570
2571,11.0,App,Completed,TXN002571
2572,6.5,App,Completed,TXN002572
2573,11.25,App,Completed,TXN002573
2574,10.25,Cash,Completed,TXN002574
2575,5.25,App,Completed,TXN002575
2576,4.5,Cash,Completed,TXN002576
2577,10.5,Cash,Completed,TXN002577
2578,6.5,App,Completed,TXN002578
2579,18.0,Card,Completed,TXN002579
2580,15.25,App,Completed,TXN002580
2581,4.75,App,Completed,TXN002581
2582,13.75,Card,Completed,TXN002582
2583,4.75,App,Completed,TXN002583
2584,4.0,Card,Completed,TXN002584
2585,11.75,Card,Completed,TXN002585
2586,6.5,App,Completed,TXN002586
2587,15.0,Card,Completed,TXN002587
2588,7.75,Card,Completed,TXN002588
2589,15.75,Cash,Completed,TXN002589
2590,21.25,Cash,Completed,TXN002590
2591,3.25,Cash,Completed,TXN002591
2592,13.0,Card,Completed,TXN002592
2593,2.75,Cash,Completed,TXN002593
2594,15.75,Card,Completed,TXN002594
2595,15.0,Card,Completed,TXN002595
2596,12.75,Cash,Completed,TXN002596
2597,16.5,Card,Completed,TXN002597
2598,11.5,Card,Completed,TXN002598
2599,21.5,Cash,Completed,TXN002599
2600,3.25,Card,Completed,TXN002600
2601,11.25,App,Completed,TXN002601
2602,10.0,App,Completed,TXN002602
2603,21.75,Card,Completed,TXN002603
2604,16.25,Card,Completed,TXN002604
2605,13.5,Card,Completed,TXN002605
2606,10.5,App,Completed,TXN002606
2607,4.0,Cash,Completed,TXN002607
2608,4.75,App,Completed,TXN002608
2609,4.25,Card,Completed,TXN002609
2610,11.25,Cash,Completed,TXN002610
2611,9.25,App,Completed,TXN002611
2612,17.75,App,Completed,TXN002612
2613,14.5,App,Completed,TXN002613
2614,4.75,App,Completed,TXN002614
2615,16.5,Card,Completed,TXN002615
2616,7.25,App,Completed,TXN002616
2617,7.25,Card,Completed,TXN002617
2618,4.0,Card,Completed,TXN002618
2619,7.0,Cash,Completed,TXN002619
2620,18.0,Card,Completed,TXN002620
2621,10.25,Cash,Completed,TXN002621
2622,4.25,App,Completed,TXN002622
2623,6.5,App,Completed,TXN002623
2624,10.25,App,Completed,TXN002624
2625,13.5,Cash,Completed,TXN002625
2626,10.75,Card,Completed,TXN002626
2627,5.25,App,Completed,TXN002627
2628,5.25,Card,Completed,TXN002628
2629,3.25,App,Completed,TXN002629
2630,4.0,Card,Completed,TXN002630
2631,6.5,Cash,Completed,TXN002631
2632,17.5,Card,Completed,TXN002632
2633,7.0,Cash,Completed,TXN002633
2634,4.25,App,Completed,TXN002634
2635,4.25,Card,Completed,TXN002635
2636,17.0,App,Completed,TXN002636
2637,7.5,Cash,Completed,TXN002637
2638,19.0,Card,Completed,TXN002638
2639,6.75,App,Completed,TXN002639
2640,3.25,Cash,Completed,TXN002640
2641,10.25,App,Completed,TXN002641
2642,16.75,Cash,Completed,TXN002642
2643,3.0,Cash,Completed,TXN002643
2644,19.25,Cash,Completed,TXN002644
2645,4.75,App,Completed,TXN002645
2646,3.25,Cash,Completed,TXN002646
2647,8.0,App,Completed,TXN002647
2648,16.5,Cash,Completed,TXN002648
2649,7.25,Cash,Completed,TXN002649
2650,5.75,Card,Completed,TXN002650
2651,3.0,Card,Completed,TXN002651
2652,7.25,App,Completed,TXN002652
2653,4.0,Card,Completed,TXN002653
2654,11.25,Card,Completed,TXN002654
2655,16.75,App,Completed,TXN002655
2656,14.25,Cash,Completed,TXN002656
2657,7.75,Cash,Completed,TXN002657
2658,4.5,Card,Completed,TXN002658
2659,13.75,Cash,Completed,TXN002659
2660,5.25,Cash,Completed,TXN002660
2661,13.25,Card,Completed,TXN002661
2662,15.5,Cash,Completed,TXN002662
2663,17.0,Cash,Completed,TXN002663
2664,14.25,App,Completed,TXN002664
2665,12.25,App,Completed,TXN002665
2666,7.5,Cash,Completed,TXN002666
2667,16.0,Cash,Completed,TXN002667
2668,9.25,Cash,Completed,TXN002668
2669,9.25,Cash,Completed,TXN002669
2670,7.0,App,Completed,TXN002670
2671,11.75,Card,Completed,TXN002671
2672,8.25,Card,Completed,TXN002672
2673,4.5,Cash,Completed,TXN002673
2674,16.25,Card,Completed,TXN002674
2675,2.75,App,Completed,TXN002675
2676,14.5,Cash,Completed,TXN002676
2677,15.5,Cash,Completed,TXN002677
2678,16.75,Card,Completed,TXN002678
2679,16.25,Card,Completed,TXN002679
2680,18.25,Card,Completed,TXN002680
2681,19.75,App,Completed,TXN002681
2682,11.75,App,Completed,TXN002682
2683,15.25,App,Completed,TXN002683
2684,5.25,App,Completed,TXN002684
2685,7.0,Card,Completed,TXN002685
2686,13.75,App,Completed,TXN002686
2687,4.0,Card,Completed,TXN002687
2688,4.25,Cash,Completed,TXN002688
2689,11.75,App,Completed,TXN002689
2690,3.25,App,Completed,TXN002690
2691,4.75,Card,Completed,TXN002691
2692,11.75,App,Completed,TXN002692
2693,12.75,Cash,Completed,TXN002693
2694,16.5,App,Completed,TXN002694
2695,3.0,Cash,Completed,TXN002695
2696,4.25,App,Completed,TXN002696
2697,4.0,Card,Completed,TXN002697
2698,19.0,Card,Completed,TXN002698
2699,5.25,Card,Completed,TXN002699
2700,4.5,Cash,Completed,TXN002700
2701,16.25,Card,Completed,TXN002701
2702,15.0,Card,Completed,TXN002702
2703,13.25,App,Completed,TXN002703
2704,4.5,Cash,Completed,TXN002704
2705,9.75,Cash,Completed,TXN002705
2706,24.75,Card,Completed,TXN002706
2707,11.25,Card,Completed,TXN002707
2708,15.5,App,Completed,TXN002708
2709,18.5,App,Completed,TXN002709
2710,17.5,App,Completed,TXN002710
2711,9.5,Cash,Completed,TXN002711
2712,11.0,Card,Completed,TXN002712
2713,3.0,Cash,Completed,TXN002713
2714,9.5,Cash,Completed,TXN002714
2715,17.75,Cash,Completed,TXN002715
2716,3.25,Cash,Completed,TXN002716
2717,3.25,App,Completed,TXN002717
2718,11.5,Card,Completed,TXN002718
2719,12.0,Card,Completed,TXN002719
2720,9.25,App,Completed,TXN002720
2721,16.75,Card,Completed,TXN002721
2722,2.75,Cash,Completed,TXN002722
2723,19.5,Cash,Completed,TXN002723
2724,7.5,App,Completed,TXN002724
2725,3.0,App,Completed,TXN002725
2726,18.0,Card,Completed,TXN002726
2727,11.5,Cash,Completed,TXN002727
2728,14.0,Cash,Completed,TXN002728
2729,2.75,App,Completed,TXN002729
2730,4.75,Card,Completed,TXN002730
2731,10.0,Card,Completed,TXN002731
2732,5.75,Cash,Completed,TXN002732
2733,18.75,Cash,Completed,TXN002733
2734,11.0,App,Completed,TXN002734
2735,14.0,Card,Completed,TXN002735
2736,14.25,App,Completed,TXN002736
2737,6.5,App,Completed,TXN002737
2738,6.5,Cash,Completed,TXN002738
2739,8.0,Cash,Completed,TXN002739
2740,14.25,Cash,Completed,TXN002740
2741,3.25,App,Completed,TXN002741
2742,7.25,App,Completed,TXN002742
2743,14.75,Cash,Completed,TXN002743
2744,18.5,Cash,Completed,TXN002744
2745,6.0,Card,Completed,TXN002745
2746,11.0,Cash,Completed,TXN002746
2747,11.0,App,Completed,TXN002747
2748,20.25,Cash,Completed,TXN002748
2749,11.0,Card,Completed,TXN002749
2750,6.5,Cash,Completed,TXN002750
2751,16.0,Card,Completed,TXN002751
2752,20.0,Cash,Completed,TXN002752
2753,5.25,Card,Completed,TXN002753
2754,8.0,Card,Completed,TXN002754
2755,11.5,Card,Completed,TXN002755
2756,4.5,Card,Completed,TXN002756
2757,3.25,Card,Completed,TXN002757
2758,3.0,Card,Completed,TXN002758
2759,9.75,Card,Completed,TXN002759
2760,19.5,Card,Completed,TXN002760
2761,3.25,Card,Completed,TXN002761
2762,7.5,Cash,Completed,TXN002762
2763,10.75,App,Completed,TXN002763
2764,4.25,Cash,Completed,TXN002764
2765,5.75,Card,Completed,TXN002765
2766,16.75,Card,Completed,TXN002766
2767,16.5,App,Completed,TXN002767
2768,20.25,Cash,Completed,TXN002768
2769,10.5,Cash,Completed,TXN002769
